Data,ABT,ADBE,AMZN,AAPL,BAC,CVX,CSCO,KO,CMCSA,COST,LLY,XOM,HD,JNJ,JPM,MCD,MSFT,NEE,NKE,NVDA,ORCL,PEP,PFE,PG,SCHW,TMO,UNH,WMT,DIS,WFC
1T2005,2.903565119,-,3.155339806,5.785777866,0.387299864,2.816195735,-,3.169481875,0.143901456,-,3.169576199,3.905551249,-,5.37596885,0.192140405,2.672761989,12.90682761,0.466891593,-,-,-,3.180914513,0.247285151,9.131840954,0.312466329,1.374497357,2.760649231,-,2.726760768,0.426036916
2T2005,6.165031702,12.45952447,4.998077662,8.62890923,0.721398025,6.462035541,12.36679423,9.181885572,0.560053917,4.221042271,2.069206989,7.68026321,2.972090474,10.27074588,0.278156517,4.663773198,17.30424345,1.134429949,13.77820233,3.941302457,13.95079035,7.094731168,3.354491796,11.79482179,0.712210866,2.638343798,5.567827215,2.069304095,4.451495584,0.865784942
3T2005,8.309293493,17.13957848,5.649717514,11.55744091,1.047546873,8.026664744,16.94360004,13.412308,0.775651131,6.43765924,5.156551118,12.12086534,7.062709363,14.54378336,0.48086794,7.160352828,4.39534298,2.018190465,4.742367564,8.059226324,2.648499694,9.612272639,4.858486719,3.277549834,1.185727195,4.023618828,8.182920259,4.330541418,5.098009707,1.265948392
4T2005,11.57146807,24.70332723,9.713203463,3.984204217,1.274575148,11.28082459,3.971028185,16.55622388,0.918116068,1.241602051,8.053440083,17.34226126,10.19252295,17.94226627,0.707540482,8.677239503,10.10155077,2.681493152,8.020472217,11.32833529,6.802439781,12.85340562,6.890656233,3.351108246,1.531118667,5.250249967,7.97602359,5.955280389,1.397506848,1.592349416
1T2006,3.031326779,1.811045079,1.705685619,7.008841924,0.362597085,3.14880491,7.833115417,3.710039918,0.462216698,2.981101176,3.457172556,3.888852881,13.12440987,5.319234545,0.241973106,2.112407225,14.61543064,0.755268608,11.12815448,15.79836882,7.31098932,3.28773311,3.642914686,4.981574195,0.510268363,1.106102974,1.994497937,8.361857483,2.787930777,0.409806104
2T2006,4.336676613,4.147406719,2.306477093,9.573904989,0.723847957,6.400981835,9.368181607,9.693574959,0.904081949,4.32539838,6.780271407,8.488303697,2.817061827,10.04262994,0.498568902,4.901756625,18.10279179,1.439402914,14.10391505,4.195140954,11.64697372,7.563800675,5.854773644,6.399646266,1.054069048,2.269669362,4.015263575,1.918354273,4.536954361,0.822195886
3T2006,6.585517806,5.738789155,2.845777234,11.56059285,1.095561654,10.01632854,12.88237331,14.06254992,1.994035491,6.305862166,10.58151497,13.06112607,6.463327474,14.50896502,0.74123954,7.469217495,5.321785966,2.89655568,3.941277885,8.188232687,2.322518026,11.95685861,9.115439517,1.968638954,1.612218922,3.420935164,6.402445588,3.362157085,5.928530951,1.303364837
4T2006,4.745278451,8.48310152,4.354801742,5.159036021,1.447726543,12.97463582,3.580653781,16.95424357,2.305149223,1.286363083,12.12776811,18.03529439,9.189024854,15.66557061,1.068722623,12.21135758,9.196787754,3.559223139,7.155219808,11.27264926,5.659072839,18.85065152,16.84909916,4.049526584,2.504490529,0.79453066,8.607201987,5.028487483,2.797042284,1.759765641
1T2007,1.922324728,2.436424746,3.031958481,9.481053926,0.349830277,3.487346147,7.629610412,3.810386473,0.754959805,2.713294302,2.143401887,4.155862767,11.02309473,3.521473736,0.339764273,2.586730453,17.26377737,0.422119038,10.31061006,16.77719163,9.091218632,3.674153537,3.072870939,5.948634806,0.577435594,0.656058266,1.817326354,7.744406156,4.429158628,0.46182247
2T2007,4.53872076,4.829831539,4.743975904,11.97394558,0.717954533,7.264730742,11.06378622,7.784640776,1.272165842,3.635645241,4.873293537,8.558351401,1.865159323,7.570665346,0.618706457,0.174858337,22.26496335,1.486222317,13.95451101,4.722071872,12.36260558,8.310101801,4.224522884,7.491993566,1.152967105,1.423460777,4.054257441,1.882616361,6.514488746,0.837802043
3T2007,6.387998546,8.852068337,5.825032482,13.79255928,0.931995493,9.949553578,13.74765654,11.43988481,1.725707116,5.522491269,8.403307506,12.23268726,4.630346089,10.42649209,0.83767298,3.78080179,6.533627847,2.749488262,5.172742543,10.04493347,2.447909078,13.56455196,4.976611942,2.172854491,5.339744079,2.462167728,6.815883904,3.81270349,7.983193277,1.240325335
4T2007,9.080729469,12.66796752,7.34001542,5.263157895,0.873206174,12.6322369,3.958565222,13.82282928,2.247458494,1.247286895,11.02367496,16.77530754,8.183536237,13.0642093,0.983582211,8.148899179,13.35927174,3.269944919,8.111151852,15.55715352,6.013519199,16.33937854,7.101710796,4.396783956,5.692191269,3.588841631,9.143598106,5.416081035,2.029567323,1.400141109
1T2008,2.277616077,4.107527925,2.430732619,8.618030258,0.069680311,3.399477909,7.712477396,3.191217769,0.654116146,2.853715758,3.909963924,4.217628059,9.915621334,4.183964184,0.144443051,3.059633918,18.91811667,0.602467941,11.81605334,21.28375196,9.33647765,3.215776352,2.353437368,6.230184657,0.684608651,1.083826792,1.856451824,8.034174444,3.94439004,0.335841645
2T2008,5.127502401,7.953403559,4.761151534,11.66230408,0.269093557,6.871450824,10.57017314,6.12180763,1.191427342,4.17338298,7.28992505,8.460852158,0.780770243,7.859226221,0.246442188,7.000357128,24.28942343,1.046785363,15.13658611,4.643649385,11.68020648,7.740830365,4.782216882,8.385882549,1.240694789,2.225450856,2.457170285,1.877205448,6.222597512,0.616017101
3T2008,8.010183792,11.09992463,6.396588486,12.21570808,0.316572347,11.54426408,13.7092655,9.9875467,1.845479318,6.202027932,5.621302843,14.59694479,3.454622054,11.66727463,0.217768932,11.82857996,6.71560422,2.709002155,4.053260076,1.410992642,2.279220367,11.50085808,6.816545046,2.379886124,1.713419257,3.259334707,4.191259985,4.028281255,7.566763205,0.86589616
4T2008,11.5059184,14.97551016,7.757998557,3.751139365,0.220468959,14.9108057,3.737667057,14.33154816,2.234177159,1.25255989,-7.092487488,19.82881097,5.239798922,15.24990578,0.257694988,15.15450697,12.99212598,3.656768033,7.135112033,3.223548589,5.296638543,14.28571429,7.311872458,6.040661638,2.345428157,4.714082504,5.33369166,5.941862336,1.31122787,0.202727622
1T2009,3.166181962,2.657026739,2.535816619,6.499063302,0.182905585,1.162921983,6.038430823,3.15291279,0.688063252,2.42079375,4.937060098,2.113343911,5.490234185,4.073170732,0.102972891,3.52203836,16.73710659,0.803461063,9.345039451,-0.896551704,8.236000801,3.258138207,2.220739921,8.28203482,0.397100077,0.707931784,1.754479807,8.504610565,2.386089605,0.236800786
2T2009,5.724839443,4.658936021,4.156351792,8.390112173,0.331397262,2.24254192,7.813998082,7.400008686,1.504725045,3.342095381,9.17735737,3.849355251,1.174400804,7.67972735,0.239904236,7.09827405,18.70506368,1.581760193,11.2207161,-6.333965037,11.79559642,7.581646424,3.585500111,9.964919567,0.679398018,1.681824198,3.297548757,1.936578444,4.050556053,0.484123672
3T2009,8.440075014,7.020359077,5.77351761,10.59218956,0.287422319,4.589661727,9.003640207,11.31042096,2.37233579,4.941080122,12.5826179,5.895589755,3.704713851,10.98757072,0.414010913,11.08724279,4.379257952,2.686883682,3.889133171,-9.296603302,2.120834749,11.76074573,5.574900562,2.389778944,0.916392092,2.693932815,5.009660743,3.958755076,5.717952374,0.769315291
4T2009,10.96186223,5.307544921,6.530080359,6.264139747,0.28228322,6.416556818,2.601921957,14.18914754,3.21822359,1.150012778,15.76350375,8.42523026,5.386759582,12.95494392,0.577168479,15.05712178,12.46832976,3.332783029,6.650497066,-5.747329204,4.796314528,15.00451717,4.059187881,5.887961683,1.04333762,3.932023121,6.473029046,5.806261348,1.217647229,0.987017206
1T2010,1.879761812,1.600414043,2.48297625,11.30799026,0.136058494,2.711150049,4.764210829,3.430162648,0.761566453,2.460840538,4.588974108,2.708570205,6.509773222,4.843698163,0.155726483,3.653908052,16.77305382,1.091437321,10.20012816,-1.895944079,6.351665376,2.235594911,1.042985347,7.933917856,0.007659216,1.074239524,2.000302313,8.697995384,2.678883072,0.208151157
2T2010,4.29862258,3.444078636,4.073566185,14.99420626,0.266722733,5.836526033,7.355092569,8.273470399,1.526460083,3.707268087,9.367639261,4.920156115,1.662119719,8.640303359,0.403223604,8.075214295,21.78532858,1.900056631,13.22324939,3.61800985,9.962973789,4.682361619,2.365612783,9.93664763,0.256394678,2.20667359,3.829604131,1.988289337,4.900080521,0.457555581
3T2010,5.551898242,6.365020186,5.197006073,18.63852201,-0.042484805,7.79688373,9.573523974,11.23148884,2.261317314,5.555322276,13.04126831,7.294145883,4.50687669,11.595265,0.585498192,11.88379293,5.909984706,3.212348769,3.978364529,-0.090237421,2.071871887,7.461545381,2.8163937,2.304550759,0.383743041,3.427125412,5.697919807,4.063997649,6.232118602,0.732971599
4T2010,7.780012958,9.515611312,6.128637549,6.921675774,-0.098811917,10.35671568,2.412047741,16.26280495,3.094470785,1.27481473,16.35248731,10.37916102,6.590642294,12.95720449,0.820266291,15.46917611,13.04790588,3.692870891,7.024336283,2.081301386,4.793063962,9.299663991,4.250464069,4.776835254,0.490450264,4.8507218,7.348207348,5.768633956,1.880197322,0.982570931
1T2011,1.401133662,2.822988237,1.190617225,12.63487313,0.090084466,3.203824665,4.20951196,2.515185779,0.673542549,2.725929383,3.331408758,3.415296699,8.319003115,3.214054554,0.252711244,3.768679746,17.32329259,0.503220234,10.62992126,5.631415945,7.888747672,1.565300677,1.145899588,6.801769471,0.256104887,1.076370217,2.060151527,9.405910452,3.320677736,0.302008732
2T2011,4.526464569,5.564062373,2.179365699,18.07733378,-0.299692348,6.93992078,6.160515524,5.889624173,1.554444315,3.862979165,6.873850265,6.686306728,1.897329252,5.576466811,0.488969914,7.977339872,21.29636444,1.554337665,14.22189625,2.854682457,11.62303665,4.028805497,2.476786507,8.526677942,0.492969294,3.221759755,3.952204492,1.907935399,5.635328036,0.611795824
3T2011,5.21528782,7.761059482,2.382701795,22.27530914,-0.024553664,10.7085287,7.451633274,8.513449048,2.277669024,5.762116513,10.56073748,10.04928425,5.144641294,8.454583665,0.666072583,12.78444737,5.341898245,2.219669524,4.357224887,5.895703171,2.491233296,6.712833983,4.385311933,2.213487341,0.681204206,3.856769724,5.477365675,3.866133763,7.290222395,0.90134067
4T2011,7.844546666,9.262930139,2.496241791,9.420180126,0.067917743,12.89324689,2.04337427,10.7960087,3.267688096,1.171261248,12.91659487,12.74905453,7.491746789,8.510788075,0.837499647,16.68116605,11.01360441,3.362593551,7.648472365,9.138555127,5.53010561,8.866386762,5.346219721,3.551458927,0.795924571,4.956081346,7.574128357,5.629643302,2.058827511,1.207808705
1T2012,1.990079403,2.027974616,0.639166134,16.35549313,0.029934232,3.024338033,4.435407074,2.463735295,0.916118494,2.689833158,3.136341359,2.839039032,9.583395034,3.365061879,0.231992863,3.8000012,14.80383018,0.778624149,11.31539813,10.46456932,8.780140127,1.5230337,0.971009732,5.376471899,0.17491613,1.033825827,1.909478608,8.47284986,3.651323223,0.318488768
2T2012,4.795903769,4.367844736,0.651698221,20.57140752,0.144202246,6.259031174,6.718300897,5.715862782,1.953224088,4.113378359,6.081552592,8.328049872,2.390300231,4.594384449,0.431588204,7.841319557,14.00004948,1.768504719,14.37439379,1.058781217,12.74273239,3.638624119,2.769057438,8.245364629,0.420333405,1.938826993,3.709249302,1.97564688,6.352684916,0.663820794
3T2012,7.761167495,6.338953021,-0.599982482,23.70331243,0.159544854,8.392252627,8.763173095,8.304290627,3.72905561,6.510685335,9.502345503,11.1515524,6.11437963,6.68090222,0.671697216,12.02885482,3.66438019,2.388434947,3.751488686,3.046276732,2.656809217,6.143183323,4.532784237,2.099523137,0.609393326,2.906302125,5.972105997,4.116814286,8.241875618,1.00435363
4T2012,8.868781091,8.3490208,-0.119797266,6.669454531,0.189504492,11.30387755,2.258130674,10.54378351,4.767504592,1.435733042,11.88584519,14.28451595,8.434747126,8.664408679,0.90219279,15.44317748,8.426132434,2.965595369,6.268538659,6.395947158,5.793590017,8.325517833,7.856919881,4.95271724,0.694418462,4.291918993,6.831921864,5.772089905,1.783189901,1.327998943
1T2013,1.275952721,0.640555294,0.288966416,11.61787587,0.068189583,2.627943221,5.431737534,2,1.052032437,3.351782461,4.792554822,2.873933794,11.03836043,2.877336756,0.273254347,3.722328697,12.60057418,0.426045142,11.6362472,8.77284009,8.960352423,1.43985137,1.475469322,6.842472203,0.154510816,1.226528327,1.491711378,8.742276163,3.759925269,0.359938579
2T2013,2.379105816,1.377995284,0.253181649,14.77313666,0.258792834,4.770782797,7.944666474,4.985979377,2.161090174,4.795707525,8.289291519,4.8990823,2.774069465,5.895837523,0.533922199,7.740019853,15.34988872,1.353941457,14.13216561,1.240395973,13.35378673,4.057244987,9.423146625,8.187386456,0.33993834,2.220814709,3.33661675,1.951164021,6.321603674,0.742070982
3T2013,4.501104708,2.195246975,0.106713537,17.89227053,0.375801788,6.713659729,9.865501873,7.735486179,3.299594495,6.805798633,11.65090562,7.13681509,7.160125142,8.123970914,0.513333894,11.78269149,3.683929525,2.353869517,4.413262419,3.130193379,2.535703539,6.552191007,11.10864227,2.166164748,0.536334524,3.293659917,5.186714389,4.060327712,8.168289411,1.093239161
4T2013,5.997252811,2.793609586,0.682287906,5.805030553,0.543744794,8.511032382,1.98131843,9.578590861,4.492705257,1.333580866,13.29070292,9.644529538,9.97854567,10.42409352,0.741941533,15.25106276,7.686446142,2.753008398,7.390572391,5.131393099,5.565592811,8.759906038,12.82502716,4.568066216,0.745603654,3.996120941,6.928262622,5.739103089,2.289397109,1.432729868
1T2014,0.900100811,0.45916984,0.29699703,11.3088563,-0.012838099,1.750710585,3.479736251,1.781156547,1.228347056,2.863840841,2.09426042,2.654142814,13.29038946,3.545338634,0.212920057,3.312702267,11.18505755,0.611394691,11.24529574,6.068079329,8.44365888,1.58336882,1.360821382,6.400273749,0.226285175,1.177230528,1.298716646,8.153806331,4.795349964,0.381002995
2T2014,2.027727547,1.307080591,-0.04749591,13.95065612,0.092833314,3.896658971,5.503848571,4.430876855,2.516845655,4.229228464,4.173234642,5.155527544,3.234887049,6.696005917,0.446726151,6.860399253,12.80513273,1.286492527,14.48316661,1.988677376,12.12587444,3.995872341,3.046717494,8.168937934,0.453274384,1.854066716,2.933330213,1.837767453,7.619172748,0.726698914
3T2014,3.245989556,1.717786325,-1.125708207,17.04199897,0.083960684,5.966899119,7.469515095,6.59613348,4.142253371,6.322674419,5.662533767,7.606501797,7.886565928,10.44838263,0.666045378,10.16162884,2.676003207,2.189963016,5.19410399,3.814576276,2.190000602,6.502125121,4.628797516,1.461829603,0.658555112,3.029224095,4.810011004,3.96352673,9.507519065,1.05983731
4T2014,5.53361599,2.488403998,-0.44216127,6.882173704,0.229647038,7.258689,1.758064206,7.741542875,5.392276844,1.458989397,6.429843295,9.618218391,11.96280594,12.44899671,0.845741717,13.87866307,5.949739202,3.289780993,8.43637502,6.352996259,4.765779971,9.300940306,5.415480227,3.242259454,0.854231063,4.420786846,6.504827395,5.729499877,2.578273109,1.366620139
1T2015,5.318482423,0.771118694,-0.113829256,12.0956071,0.156609728,0.964377383,4.026800862,1.720576602,1.348601951,3.30952381,1.485111026,1.479760089,15.88394332,3.359514737,0.229478478,2.523666173,8.709383472,0.867487889,11.72289567,8.756489045,7.267041775,1.768043088,1.482818725,5.045174397,0.188550843,0.920030676,1.574917242,8.393959923,5.217289856,0.333997607
2T2015,6.971104816,2.081263133,0.066742944,15.47495708,0.403762807,1.20395564,6.272360939,5.000106908,2.703007378,4.869965065,3.136533413,2.681042899,3.714420136,6.692114272,0.498203992,5.762578009,6.919074128,1.769407132,15.15277778,1.837882321,8.960983923,4.462926573,3.117890576,5.516815321,0.400300684,2.146529932,3.27926233,1.635391812,8.139228771,0.669701624
3T2015,8.762133014,3.535210601,0.202738752,18.3813632,0.612399594,1.961266386,7.914100158,6.590830896,3.999169592,7.203947368,5.316116095,4.027745977,8.705876981,9.150120811,0.78639009,10.08237382,2.672126596,2.807548491,5.677549841,2.292592062,1.592437971,5.390403708,4.187467445,2.038448149,0.605039847,3.336322608,4.263336781,3.483032927,10.03832982,0.988942279
4T2015,10.72320411,5.368630906,0.91070228,6.260484718,0.740935571,1.769991319,2.174049189,8.175995915,5.050608138,1.373727116,6.771083728,4.91480529,12.54303316,11.55002211,1.039334132,11.93846916,5.340425768,3.336606894,8.696807333,5.659325342,3.704816731,7.896134468,4.171742506,4.539928606,0.787620157,4.831128176,5.268308449,5.036462192,3.228992133,1.280688643
1T2016,0.797234907,2.137629635,0.839222615,9.459277967,0.122626513,-0.267963402,4.951083965,1.635931319,1.303641874,3.217240953,1.268599496,0.519561596,16.47277257,3.150531083,0.227740811,3.250738266,7.519698244,0.751444404,13.88478582,8.331071913,5.803001125,1.349633671,1.85663694,6.780751012,0.215709065,0.936378854,1.380509949,7.555829463,5.745369139,0.295373846
2T2016,2.337375411,4.079478206,2.105230807,12.00024869,0.316105897,-0.829897735,6.679926509,5.263885051,2.502543827,4.696956278,3.256450255,1.01088261,4.044777459,6.046604775,0.475245084,6.690600818,8.672442099,1.396628424,17.5733782,2.757456387,7.934569442,4.068160251,2.965580283,8.340674553,0.436249066,2.174499567,2.831868766,1.618479656,8.687330884,0.583304883
3T2016,1.524166392,6.219305999,2.287826001,14.20235882,0.601736244,-0.334406976,8.827639496,6.39113354,3.725186035,7.164611163,5.2295406,1.871320561,9.591610731,9.066104339,0.714232165,10.75233402,2.206809584,2.214786488,5.903762526,6.017960059,1.486735431,6.714751614,3.575631901,2.136497137,0.65301404,2.899978546,4.339140422,3.590451068,10.63748873,0.858029662
4T2016,2.658261497,9.197855626,2.842857485,5.402834442,0.818484419,-0.165719515,1.838669063,7.505442878,5.011080332,1.51921603,7.054597368,2.535466253,13.96117028,11.71321738,0.992905581,15.10609562,4.403187748,3.23580723,9.230972983,10.52850603,3.126213592,8.605269193,4.222241646,9.102560816,0.845632837,4.404073409,5.759302988,4.982669187,2.716869049,1.136616212
1T2017,0.591081581,3.05444713,0.894169373,8.644912893,0.21604297,1.041638526,3.6990685,1.298231379,1.450577875,3.019927028,-0.294490529,1.188231569,18.51929433,3.051380781,0.253231172,3.782031924,6.528840043,1.735650458,13.95991707,16.92917386,4.867524844,1.78097612,1.854441179,11.18544174,0.248391401,1.193155262,1.597439431,7.188733811,5.475617328,0.279621883
2T2017,0.98663406,5.782579743,1.049201991,10.90380766,0.44909602,1.635905876,5.7046447,2.804292015,2.831214384,5.001262945,2.191151869,2.143948317,4.481132076,5.398312905,0.525793411,7.960604175,8.795201712,2.55786414,18.22950256,5.387885229,6.915275833,4.479939696,3.683005256,12.79919605,0.516316789,2.50033861,3.288268391,1.578225298,8.08715715,0.583519044
3T2017,1.806278375,8.574249388,1.020239965,12.88264117,0.687947262,2.410644302,7.401901123,4.419157046,4.244445524,7.466916114,3.377787698,3.273645139,10.1960443,7.717560292,0.788467286,13.80115235,2.639935447,3.330199109,4.017422929,11.60391406,1.654228763,7.140945414,5.266306905,2.33616332,0.761548931,3.030974202,5.057251908,3.103698044,9.777740659,0.819819126
4T2017,0.62557377,11.6538645,2.309801234,4.932471964,0.799216564,3.652001923,1.834173549,1.459679621,12.24933003,1.653207375,-0.453747138,5.692145768,15.21666704,0.826430519,0.964674771,15.36015288,0.107029996,5.497459802,7.137809187,19.61342828,3.201164584,6.150067666,12.4303684,4.288398977,0.967633204,3.926308917,7.783083318,3.896587621,4.576708208,1.136565669
1T2018,0.589496249,3.894056728,1.289153385,9.220902199,0.297103945,1.426833358,-4.854383697,1.500825454,1.663907458,3.524274604,2.744636528,1.371170727,19.38062836,2.788188348,0.333820602,4.078534171,3.135679866,4.696449026,3.529620433,27.10612935,0.302458014,1.652276918,2.16873618,6.409153406,0.315318943,1.023329799,1.879551839,5.145167757,7.747363262,0.268144104
2T2018,1.682379595,8.218754839,3.104399702,13.0029754,0.597904585,2.745329141,-3.239246369,4.164387843,3.338074124,5.36800909,2.260429848,2.514120244,5.153269025,5.35577511,0.657439046,8.77970185,6.401826555,5.469682689,8.577387291,10.85514834,2.786601002,4.042880187,4.514486604,8.334882935,0.629672906,2.402396982,3.838019287,1.110639398,10.77718844,0.54913018
3T2018,2.39261834,12.42258512,4.903441317,16.27753093,0.892282604,4.340116755,0.101117811,6.387191086,4.625314626,7.78594171,4.721558047,4.290411361,12.78335352,7.870753935,0.971557249,13.24085195,3.425213202,6.317252011,4.857003069,18.20369508,1.764595896,7.730334637,6.894147928,2.711077339,0.945233773,3.703838193,6.101120546,0.751715503,13.2517901,0.871818774
4T2018,3.525225909,13.80370769,6.19312872,5.342249123,1.195451957,5.853550931,3.366246479,7.782157277,4.713052876,1.773405761,7.360778348,6.187535385,19.41814159,10.00104607,1.238268971,18.05572487,6.661541612,6.401033731,8.550513736,26.17705206,3.886137359,16.17427365,7.018479256,5.196180682,1.182871136,5.224783042,8.134225895,1.485548342,2.78764471,1.181138288
1T2019,0.993935808,3.456664816,1.999416065,9.218182563,0.307551351,1.028780144,6.217914934,1.927626292,1.417703336,3.920652352,11.16010819,0.675484083,25.27327682,2.498883534,0.335344156,2.858827631,9.89551088,0.623687276,13.26294664,31.15407764,6.709735193,1.884292264,2.502879276,7.563715861,0.340858865,1.465932801,2.206616748,3.27367245,3.917570985,0.310415554
2T2019,2.452248382,6.645174652,3.232802546,12.90036277,0.611838931,2.709103557,9.677551985,4.812436108,2.66414609,5.928871823,14.40216829,1.607023555,4.878190818,6.031576165,0.690443096,6.15868467,13.69365848,1.731311962,16.98781465,2.810070608,10.19510804,4.614831389,5.726028976,3.445849081,0.687967979,3.336208384,4.151913876,1.665359165,4.954767872,0.627330523
3T2019,3.848903544,10.46925736,4.178825609,16.32300984,0.842259709,3.707847211,11.88326363,7.914631775,3.948528322,8.158590308,18.00512494,2.516689346,11.52086137,7.143086786,1.009563198,9.722082742,3.82785754,2.446113708,5.207817441,6.409475465,2.011691723,7.198750065,9.755582413,3.171193603,1.022269855,4.748893864,6.085464772,3.229995614,5.971626526,0.857840994
4T2019,5.431084007,14.21539899,5.144551783,6.528134156,1.126914944,1.198257998,3.163516845,10.40159294,5.057817732,1.664365849,21.1739012,4.074495928,16.74855187,9.585488943,1.355633128,12.68216911,7.89514629,3.202453884,9.330125555,11.66982922,4.518350721,9.361274142,9.733176507,6.587721418,1.25984252,6.33082681,8.188557068,4.547804695,1.068435615,1.014186366
1T2020,0.844602183,4.501744131,1.145824858,10.45099875,0.153056122,1.51303253,6.418507951,2.972993097,0.84749315,3.696035423,3.54355421,-0.216411283,21.94160356,3.738944761,0.091258575,2.188933713,11.58840984,0.348980827,12.69641495,16.14784869,7.258231304,1.588253274,2.050067334,8.701923077,0.214413438,1.342693566,1.832683652,6.427620034,1.292815109,0.032957344
2T2020,1.600849133,9.512567699,3.011064054,14.09763537,0.275122479,-2.102030859,9.385736482,4.809428762,1.967455955,5.132219903,6.835132366,-0.536383629,3.822122342,5.948983458,0.235036717,3.185292427,14.69611133,1.389788539,8.100950801,3.943407586,8.779604636,3.361072326,3.846932009,10.85584093,0.366057071,3.156202815,5.278907748,1.749308692,-0.888518606,-0.087669129
3T2020,3.379053633,13.42910681,5.000017719,17.7255718,0.453686974,-2.198930347,11.8225043,6.476374712,2.700974195,7.306141551,9.27706731,-0.739575973,10.38216862,7.601952043,0.523555209,6.614095264,4.615599284,2.313620611,4.564315353,6.111993646,1.982456449,5.775686922,5.054669997,3.593024129,0.516030571,6.052044145,7.025747634,4.428726694,-1.227493066,0.016075163
4T2020,6.195897888,21.6603525,6.641137004,8.121642461,0.634622948,-2.319112557,2.288348789,8.898460411,3.907342562,1.961240181,13.28176767,-6.987528174,14.95688818,8.413095932,0.860318641,8.98876618,9.652229094,2.286112591,7.948673786,10.69528663,4.265820714,7.721862287,6.258226404,6.822798721,0.600900896,9.232172855,7.992842987,6.263976752,0.008915835,0.168835028
1T2021,2.463419661,5.047028217,2.509308926,15.53722587,0.271044501,0.578534627,4.936140835,2.505750447,1.181999993,3.918569504,2.893572141,0.83770261,18.22870178,3.591277085,0.387603623,3.008036694,14.50827023,1.25791862,11.65676385,15.04636866,8.224606084,1.888757345,3.076477477,9.799791057,0.263374135,3.544614825,2.42626882,5.428204803,0.563795256,0.2419952
2T2021,4.069934079,9.291689469,4.408593496,22.47422993,0.570118955,1.850036655,8.074891369,5.40945074,2.498880883,5.910186123,5.742642599,2.246441479,5.711962738,7.070392201,0.712436921,7.238920011,18.35675702,1.42356662,15.17488076,6.208598519,10.48456604,4.43253775,6.164665725,12.02947019,0.478476395,6.152323555,4.446198619,1.188176565,1.113633104,0.548613666
3T2021,6.886645437,13.72781518,4.979262878,26.97420528,0.809121275,4.420541117,10.86289835,8.116460279,3.917187912,8.569548492,8.001328159,4.312301003,12.64960647,9.006405249,1.009560419,11.20185104,6.113267624,1.702320301,4.942374133,11.08667529,1.998796004,6.796491303,10.3985758,3.447843635,0.703648107,8.243206522,6.355934192,3.007729971,1.231281525,0.808122764
4T2021,9.403425714,17.70125913,7.933439385,9.084684581,1.008930445,6.54977352,3.104781155,10.39065646,5.014044689,2.096681164,11.43650371,6.962643432,17.9115718,11.47029415,1.291121543,14.01039471,11.53680054,2.535625071,8.250892926,16.61006104,1.130995257,8.312675233,12.13604003,6.892007643,0.877455902,8.124218118,8.356031403,4.209498838,0.566619612,1.106121552
1T2022,3.306443985,4.873729597,-0.935810326,17.0078309,0.218236978,2.520397674,6.315376292,2.969254975,1.268270613,4.224927867,4.055687105,1.620763817,22.86298625,2.88693897,0.209422389,2.170695609,16.24981501,-0.311152506,11.94234907,22.06983955,3.247303118,4.596501796,4.280873146,9.761514594,0.205888832,2.393608419,2.326905866,5.693049089,0.863904215,0.189255192
2T2022,6.017358023,9.283597964,-1.399001258,23.51468441,0.427881936,6.975373736,9.695356531,5.03708315,2.515803349,6.322433127,6.067109188,6.613844372,5.525879295,5.60588328,0.440760636,4.654827221,19.93695867,0.61211043,14.99466779,3.578695921,6.145639862,6.142659205,9.104920887,12.62115214,0.501131664,4.292385652,4.495333924,0.854384867,1.59304958,0.360950954
3T2022,8.104284282,13.38618008,-0.700342234,28.29244093,0.66372639,11.25377789,12.56569009,8.126872209,0.806895575,9.218277593,9.074934421,12.02803173,12.402242,8.23473653,0.706645991,8.812080426,4.879594423,1.67829217,3.572819315,5.230471985,1.187945576,8.938080266,13.51676478,3.408094116,0.902931801,5.949014757,6.471958003,2.932859761,1.721250694,0.549488882
4T2022,9.313791343,17.50782257,-0.588317934,8.651264467,0.90215067,13.81713483,2.869301696,10.31769132,1.914294043,2.065821558,12.61835772,15.60069039,17.87916634,9.574763313,1.027786181,12.2480946,9.321303957,2.609242772,7.059802759,7.295988935,2.560150698,9.738900279,15.92606678,6.729813533,1.301805818,7.163884143,8.399910462,2.213958071,0.673349033,0.700791487
1T2023,1.786053067,4.676191548,0.683064228,16.30479287,0.255457785,2.581227578,5.679257095,3.195967311,1.452035046,4.233484921,2.529766943,3.206261455,22.37556413,-0.034699366,0.337098607,3.465001999,13.75470944,1.261512969,10.54734423,10.60657569,3.938611153,2.08937899,2.840243946,9.466754554,0.29931734,1.364913689,2.035399166,4.643149381,1.390719425,0.264578032
2T2023,3.671238106,9.131403118,2.077440239,22.09868731,0.498495452,5.009552028,8.874283546,5.722353132,3.034938412,6.190076702,5.67026672,5.504779104,5.070300841,2.648080715,0.700421897,8.15332461,17.56437268,2.900609122,13.5088327,4.5951417,6.327390166,4.916272183,3.585443843,12.19740294,0.566367875,2.820253972,4.080110221,0.773710177,1.322975911,0.529174128
3T2023,5.727562769,13.56136129,4.066890814,27.50983456,0.741209417,7.262614284,12.38365471,8.933366128,4.578430471,9.119633591,5.267501791,7.88214657,11.16943983,18.73046652,1.032364347,12.34380189,5.000392566,3.553246269,3.941716958,16.61184542,1.770792173,7.834682301,2.56626097,3.71824273,0.846373347,4.480872065,6.193297242,3.899718173,1.649001114,0.822098184
4T2023,7.816810992,18.22761006,5.763904413,9.593962333,0.833765441,8.183631972,3.682857201,10.9546278,5.704445812,2.155365354,8.187319061,9.926205832,16.33036506,20.97960109,1.278631612,15.0833173,9.384815474,4.118565094,8.139128565,32.27266012,3.66501891,9.109905966,0.952755175,6.667274188,1.027418093,6.031845714,8.455355838,4.086829697,1.087605044,0.990546803
1T2024,1.690424607,2.156446732,1.964521469,17.05694242,0.20386077,2.121528295,6.199221144,3.204483258,1.433226733,5.023898195,3.507627828,2.266629269,19.78701163,1.892816022,0.328034601,3.604731561,13.64926953,1.260350097,11.24317379,45.2775073,5.342058038,2.052179128,1.412514982,9.891469757,0.290538926,1.37185231,-0.429611907,6.446142814,1.213161806,0.23576515
2T2024,3.460837887,7.308294731,4.310602756,23.82302209,0.416544403,3.834348767,6.632628173,5.519653762,2.900725562,7.381720193,7.248576692,3.936775434,4.543733434,4.385160806,0.761959381,7.343729671,17.20858399,2.105844395,14.95670428,19.30791987,7.424668029,5.171149267,1.466744992,12.23665931,0.59909935,2.928037687,1.11866208,2.088925976,2.633840989,0.491167085
3T2024,5.612190005,12.9969829,6.712667586,25.68250315,0.615679785,5.589587705,8.2949531,7.938569251,4.147537157,10.54975584,8.174121674,5.868599486,8.426780662,5.965101213,1.056187483,11.04998932,4.716326363,3.087418621,2.775503737,36.93665153,2.031009472,8.05069991,3.482840948,3.152227194,0.88015363,4.497628632,3.159945074,3.937274014,2.942120794,0.761813097
4T2024,16.46154224,18.3923255,9.481288027,10.5584376,0.831882322,6.907892176,2.198114049,10.5908562,5.964066098,2.450058594,13.45361552,7.732069023,12.14118276,7.809932039,1.460747364,14.90159835,9.135640141,3.653020868,5.832608868,52.89804506,4.094744853,9.677581509,3.777952726,7.049144236,1.238321701,6.512469046,5.109998056,5.593035661,1.341818662,1.021947359
1T2025,1.626804833,6.04573527,2.662548037,18.44924872,0.220814086,1.369750816,4.233985582,3.278736875,1.230907122,4.897301431,3.086852044,1.777574197,15.40382235,5.679218882,0.336013856,3.316231426,13.25912154,0.428797924,7.959145874,65.30407434,5.58688297,1.81153366,1.42913454,10.11432381,0.412397414,1.525630799,2.08980277,7.728229489,3.086813765,0.250934338
2T2025,3.695282087,12.45952965,5.173343888,25.50385375,0.421720464,2.402918428,6.369905328,6.841555404,5.236443308,7.271932381,8.342829059,3.437690601,3.46218623,8.550641453,0.650853754,6.919654101,16.45097035,1.439420611,8.800131223,14.98954125,7.390666485,2.963595804,2.863242679,12.82829331,0.879207558,3.091968784,3.255631569,1.768100255,6.09728806,0.524310429
3T2025,-,18.34179592,-,-,-,-,8.324406539,10.20415861,-,10.50467581,-,-,7.980089756,11.24802921,-,-,-,2.593538663,1.947286656,32.11382692,1.62206496,5.386737739,-,3.746894568,-,-,3.993097958,4.353171834,-,-
