date,T10Y2Y
12/31/2004,1.16
1/3/2005,1.13
1/4/2005,1.09
1/5/2005,1.07
1/6/2005,1.11
1/7/2005,1.09
1/10/2005,1.06
1/11/2005,1.02
1/12/2005,1.03
1/13/2005,0.99
1/14/2005,0.99
1/17/2005,
1/18/2005,0.95
1/19/2005,0.94
1/20/2005,0.96
1/21/2005,1
1/24/2005,0.94
1/25/2005,0.97
1/26/2005,0.94
1/27/2005,0.94
1/28/2005,0.91
1/31/2005,0.85
2/1/2005,0.86
2/2/2005,0.83
2/3/2005,0.84
2/4/2005,0.8
2/7/2005,0.76
2/8/2005,0.72
2/9/2005,0.76
2/10/2005,0.78
2/11/2005,0.76
2/14/2005,0.7
2/15/2005,0.73
2/16/2005,0.75
2/17/2005,0.81
2/18/2005,0.82
2/21/2005,
2/22/2005,0.83
2/23/2005,0.81
2/24/2005,0.77
2/25/2005,0.73
2/28/2005,0.77
3/1/2005,0.79
3/2/2005,0.81
3/3/2005,0.8
3/4/2005,0.75
3/7/2005,0.7
3/8/2005,0.76
3/9/2005,0.86
3/10/2005,0.8
3/11/2005,0.83
3/14/2005,0.77
3/15/2005,0.79
3/16/2005,0.8
3/17/2005,0.77
3/18/2005,0.79
3/21/2005,0.81
3/22/2005,0.77
3/23/2005,0.77
3/24/2005,0.72
3/25/2005,
3/28/2005,0.74
3/29/2005,0.73
3/30/2005,0.7
3/31/2005,0.7
4/1/2005,0.71
4/4/2005,0.73
4/5/2005,0.73
4/6/2005,0.74
4/7/2005,0.77
4/8/2005,0.73
4/11/2005,0.7
4/12/2005,0.67
4/13/2005,0.72
4/14/2005,0.77
4/15/2005,0.73
4/18/2005,0.72
4/19/2005,0.71
4/20/2005,0.7
4/21/2005,0.67
4/22/2005,0.64
4/25/2005,0.62
4/26/2005,0.61
4/27/2005,0.61
4/28/2005,0.6
4/29/2005,0.55
5/2/2005,0.57
5/3/2005,0.53
5/4/2005,0.57
5/5/2005,0.61
5/6/2005,0.55
5/9/2005,0.53
5/10/2005,0.54
5/11/2005,0.53
5/12/2005,0.52
5/13/2005,0.51
5/16/2005,0.52
5/17/2005,0.51
5/18/2005,0.51
5/19/2005,0.47
5/20/2005,0.44
5/23/2005,0.42
5/24/2005,0.43
5/25/2005,0.47
5/26/2005,0.44
5/27/2005,0.44
5/30/2005,
5/31/2005,0.4
6/1/2005,0.41
6/2/2005,0.37
6/3/2005,0.41
6/6/2005,0.37
6/7/2005,0.35
6/8/2005,0.35
6/9/2005,0.34
6/10/2005,0.34
6/13/2005,0.38
6/14/2005,0.42
6/15/2005,0.4
6/16/2005,0.39
6/17/2005,0.37
6/20/2005,0.39
6/21/2005,0.35
6/22/2005,0.33
6/23/2005,0.33
6/24/2005,0.33
6/27/2005,0.3
6/28/2005,0.32
6/29/2005,0.34
6/30/2005,0.28
7/1/2005,0.3
7/4/2005,
7/5/2005,0.32
7/6/2005,0.31
7/7/2005,0.34
7/8/2005,0.33
7/11/2005,0.3
7/12/2005,0.33
7/13/2005,0.33
7/14/2005,0.33
7/15/2005,0.32
7/18/2005,0.33
7/19/2005,0.32
7/20/2005,0.27
7/21/2005,0.32
7/22/2005,0.31
7/25/2005,0.3
7/26/2005,0.29
7/27/2005,0.28
7/28/2005,0.24
7/29/2005,0.26
8/1/2005,0.28
8/2/2005,0.28
8/3/2005,0.28
8/4/2005,0.28
8/5/2005,0.29
8/8/2005,0.26
8/9/2005,0.28
8/10/2005,0.27
8/11/2005,0.22
8/12/2005,0.19
8/15/2005,0.19
8/16/2005,0.2
8/17/2005,0.21
8/18/2005,0.2
8/19/2005,0.18
8/22/2005,0.19
8/23/2005,0.19
8/24/2005,0.2
8/25/2005,0.18
8/26/2005,0.14
8/29/2005,0.14
8/30/2005,0.19
8/31/2005,0.18
9/1/2005,0.3
9/2/2005,0.28
9/5/2005,
9/6/2005,0.29
9/7/2005,0.28
9/8/2005,0.28
9/9/2005,0.26
9/12/2005,0.26
9/13/2005,0.26
9/14/2005,0.27
9/15/2005,0.32
9/16/2005,0.29
9/19/2005,0.32
9/20/2005,0.26
9/21/2005,0.23
9/22/2005,0.24
9/23/2005,0.23
9/26/2005,0.23
9/27/2005,0.22
9/28/2005,0.17
9/29/2005,0.16
9/30/2005,0.16
10/3/2005,0.18
10/4/2005,0.16
10/5/2005,0.15
10/6/2005,0.17
10/7/2005,0.17
10/10/2005,
10/11/2005,0.17
10/12/2005,0.21
10/13/2005,0.24
10/14/2005,0.21
10/17/2005,0.21
10/18/2005,0.22
10/19/2005,0.22
10/20/2005,0.19
10/21/2005,0.17
10/24/2005,0.2
10/25/2005,0.2
10/26/2005,0.22
10/27/2005,0.21
10/28/2005,0.18
10/31/2005,0.17
11/1/2005,0.16
11/2/2005,0.18
11/3/2005,0.18
11/4/2005,0.19
11/7/2005,0.18
11/8/2005,0.14
11/9/2005,0.15
11/10/2005,0.11
11/11/2005,
11/14/2005,0.11
11/15/2005,0.09
11/16/2005,0.07
11/17/2005,0.09
11/18/2005,0.1
11/21/2005,0.07
11/22/2005,0.11
11/23/2005,0.11
11/24/2005,
11/25/2005,0.1
11/28/2005,0.08
11/29/2005,0.08
11/30/2005,0.07
12/1/2005,0.07
12/2/2005,0.09
12/5/2005,0.1
12/6/2005,0.07
12/7/2005,0.1
12/8/2005,0.1
12/9/2005,0.11
12/12/2005,0.11
12/13/2005,0.11
12/14/2005,0.08
12/15/2005,0.1
12/16/2005,0.08
12/19/2005,0.07
12/20/2005,0.05
12/21/2005,0.06
12/22/2005,0.04
12/23/2005,0.01
12/26/2005,
12/27/2005,-0.01
12/28/2005,0.01
12/29/2005,-0.01
12/30/2005,-0.02
1/2/2006,
1/3/2006,0.03
1/4/2006,0.05
1/5/2006,0.04
1/6/2006,0.02
1/9/2006,0.02
1/10/2006,0.02
1/11/2006,0.02
1/12/2006,0.03
1/13/2006,0.02
1/16/2006,
1/17/2006,0.01
1/18/2006,0.01
1/19/2006,0.01
1/20/2006,0
1/23/2006,0.01
1/24/2006,0.03
1/25/2006,0.03
1/26/2006,0.04
1/27/2006,0.01
1/30/2006,0.02
1/31/2006,-0.01
2/1/2006,-0.02
2/2/2006,-0.02
2/3/2006,-0.05
2/6/2006,-0.07
2/7/2006,-0.04
2/8/2006,-0.08
2/9/2006,-0.12
2/10/2006,-0.1
2/13/2006,-0.1
2/14/2006,-0.07
2/15/2006,-0.1
2/16/2006,-0.1
2/17/2006,-0.12
2/20/2006,
2/21/2006,-0.14
2/22/2006,-0.15
2/23/2006,-0.16
2/24/2006,-0.16
2/27/2006,-0.15
2/28/2006,-0.14
3/1/2006,-0.12
3/2/2006,-0.08
3/3/2006,-0.08
3/6/2006,-0.03
3/7/2006,-0.03
3/8/2006,0.01
3/9/2006,0.02
3/10/2006,0.02
3/13/2006,0.03
3/14/2006,0.05
3/15/2006,0.04
3/16/2006,0.03
3/17/2006,0.03
3/20/2006,0.01
3/21/2006,-0.01
3/22/2006,-0.04
3/23/2006,-0.04
3/24/2006,-0.05
3/27/2006,-0.02
3/28/2006,-0.02
3/29/2006,-0.01
3/30/2006,0.02
3/31/2006,0.04
4/3/2006,0.02
4/4/2006,0.03
4/5/2006,0.03
4/6/2006,0.06
4/7/2006,0.08
4/10/2006,0.08
4/11/2006,0.05
4/12/2006,0.07
4/13/2006,0.09
4/14/2006,
4/17/2006,0.1
4/18/2006,0.15
4/19/2006,0.18
4/20/2006,0.15
4/21/2006,0.11
4/24/2006,0.1
4/25/2006,0.12
4/26/2006,0.13
4/27/2006,0.18
4/28/2006,0.2
5/1/2006,0.2
5/2/2006,0.2
5/3/2006,0.21
5/4/2006,0.19
5/5/2006,0.18
5/8/2006,0.15
5/9/2006,0.16
5/10/2006,0.12
5/11/2006,0.15
5/12/2006,0.18
5/15/2006,0.16
5/16/2006,0.14
5/17/2006,0.19
5/18/2006,0.14
5/19/2006,0.09
5/22/2006,0.1
5/23/2006,0.1
5/24/2006,0.09
5/25/2006,0.09
5/26/2006,0.1
5/29/2006,
5/30/2006,0.1
5/31/2006,0.08
6/1/2006,0.07
6/2/2006,0.08
6/5/2006,0.03
6/6/2006,0.02
6/7/2006,0
6/8/2006,-0.01
6/9/2006,-0.03
6/12/2006,-0.03
6/13/2006,-0.05
6/14/2006,-0.06
6/15/2006,-0.04
6/16/2006,-0.03
6/19/2006,-0.05
6/20/2006,-0.04
6/21/2006,-0.04
6/22/2006,-0.03
6/23/2006,-0.04
6/26/2006,-0.02
6/27/2006,-0.03
6/28/2006,-0.04
6/29/2006,0.01
6/30/2006,-0.01
7/3/2006,-0.02
7/4/2006,
7/5/2006,-0.01
7/6/2006,-0.03
7/7/2006,-0.03
7/10/2006,-0.04
7/11/2006,-0.07
7/12/2006,-0.07
7/13/2006,-0.04
7/14/2006,-0.01
7/17/2006,-0.05
7/18/2006,-0.06
7/19/2006,-0.06
7/20/2006,-0.03
7/21/2006,-0.03
7/24/2006,-0.05
7/25/2006,-0.04
7/26/2006,-0.02
7/27/2006,0
7/28/2006,0.02
7/31/2006,0.02
8/1/2006,0.02
8/2/2006,-0.01
8/3/2006,-0.02
8/4/2006,0
8/7/2006,-0.03
8/8/2006,0.02
8/9/2006,0.01
8/10/2006,0
8/11/2006,0.01
8/14/2006,-0.01
8/15/2006,-0.01
8/16/2006,0
8/17/2006,-0.02
8/18/2006,-0.03
8/21/2006,-0.03
8/22/2006,-0.05
8/23/2006,-0.05
8/24/2006,-0.07
8/25/2006,-0.07
8/28/2006,-0.08
8/29/2006,-0.08
8/30/2006,-0.07
8/31/2006,-0.05
9/1/2006,-0.04
9/4/2006,
9/5/2006,-0.02
9/6/2006,-0.02
9/7/2006,-0.02
9/8/2006,-0.02
9/11/2006,-0.03
9/12/2006,-0.04
9/13/2006,-0.03
9/14/2006,-0.04
9/15/2006,-0.07
9/18/2006,-0.07
9/19/2006,-0.05
9/20/2006,-0.08
9/21/2006,-0.06
9/22/2006,-0.07
9/25/2006,-0.07
9/26/2006,-0.09
9/27/2006,-0.06
9/28/2006,-0.05
9/29/2006,-0.07
10/2/2006,-0.04
10/3/2006,-0.05
10/4/2006,-0.03
10/5/2006,-0.04
10/6/2006,-0.04
10/9/2006,
10/10/2006,-0.07
10/11/2006,-0.07
10/12/2006,-0.06
10/13/2006,-0.06
10/16/2006,-0.06
10/17/2006,-0.05
10/18/2006,-0.08
10/19/2006,-0.06
10/20/2006,-0.08
10/23/2006,-0.07
10/24/2006,-0.08
10/25/2006,-0.1
10/26/2006,-0.08
10/27/2006,-0.08
10/30/2006,-0.1
10/31/2006,-0.1
11/1/2006,-0.09
11/2/2006,-0.07
11/3/2006,-0.1
11/6/2006,-0.11
11/7/2006,-0.11
11/8/2006,-0.11
11/9/2006,-0.13
11/10/2006,-0.14
11/13/2006,-0.15
11/14/2006,-0.17
11/15/2006,-0.19
11/16/2006,-0.19
11/17/2006,-0.15
11/20/2006,-0.16
11/21/2006,-0.17
11/22/2006,-0.17
11/23/2006,
11/24/2006,-0.18
11/27/2006,-0.17
11/28/2006,-0.16
11/29/2006,-0.17
11/30/2006,-0.16
12/1/2006,-0.09
12/4/2006,-0.09
12/5/2006,-0.07
12/6/2006,-0.11
12/7/2006,-0.09
12/8/2006,-0.12
12/11/2006,-0.15
12/12/2006,-0.12
12/13/2006,-0.12
12/14/2006,-0.13
12/15/2006,-0.13
12/18/2006,-0.11
12/19/2006,-0.11
12/20/2006,-0.11
12/21/2006,-0.11
12/22/2006,-0.08
12/25/2006,
12/26/2006,-0.1
12/27/2006,-0.11
12/28/2006,-0.12
12/29/2006,-0.11
1/1/2007,
1/2/2007,-0.12
1/3/2007,-0.09
1/4/2007,-0.09
1/5/2007,-0.11
1/8/2007,-0.12
1/9/2007,-0.13
1/10/2007,-0.12
1/11/2007,-0.12
1/12/2007,-0.11
1/15/2007,
1/16/2007,-0.11
1/17/2007,-0.12
1/18/2007,-0.14
1/19/2007,-0.15
1/22/2007,-0.15
1/23/2007,-0.13
1/24/2007,-0.12
1/25/2007,-0.11
1/26/2007,-0.11
1/29/2007,-0.09
1/30/2007,-0.1
1/31/2007,-0.11
2/1/2007,-0.12
2/2/2007,-0.11
2/5/2007,-0.11
2/6/2007,-0.13
2/7/2007,-0.13
2/8/2007,-0.14
2/9/2007,-0.13
2/12/2007,-0.14
2/13/2007,-0.13
2/14/2007,-0.13
2/15/2007,-0.13
2/16/2007,-0.14
2/19/2007,
2/20/2007,-0.13
2/21/2007,-0.13
2/22/2007,-0.14
2/23/2007,-0.14
2/26/2007,-0.14
2/27/2007,-0.09
2/28/2007,-0.09
3/1/2007,-0.07
3/2/2007,-0.04
3/5/2007,-0.02
3/6/2007,-0.05
3/7/2007,-0.04
3/8/2007,-0.05
3/9/2007,-0.07
3/12/2007,-0.06
3/13/2007,-0.02
3/14/2007,-0.01
3/15/2007,-0.03
3/16/2007,-0.03
3/19/2007,-0.03
3/20/2007,-0.04
3/21/2007,0.02
3/22/2007,0.02
3/23/2007,0.02
3/26/2007,0.04
3/27/2007,0.04
3/28/2007,0.09
3/29/2007,0.06
3/30/2007,0.07
4/2/2007,0.05
4/3/2007,0.04
4/4/2007,0.05
4/5/2007,0.05
4/6/2007,0.01
4/9/2007,0.02
4/10/2007,0.02
4/11/2007,0.01
4/12/2007,0.01
4/13/2007,0
4/16/2007,0
4/17/2007,0.01
4/18/2007,0.02
4/19/2007,0.04
4/20/2007,0.04
4/23/2007,0.04
4/24/2007,0.05
4/25/2007,0.03
4/26/2007,0.02
4/27/2007,0.04
4/30/2007,0.03
5/1/2007,0.01
5/2/2007,0
5/3/2007,-0.03
5/4/2007,-0.03
5/7/2007,-0.04
5/8/2007,-0.05
5/9/2007,-0.06
5/10/2007,-0.05
5/11/2007,-0.04
5/14/2007,-0.04
5/15/2007,-0.04
5/16/2007,-0.02
5/17/2007,-0.02
5/18/2007,-0.01
5/21/2007,-0.02
5/22/2007,0
5/23/2007,0.01
5/24/2007,0.01
5/25/2007,0.01
5/28/2007,
5/29/2007,0
5/30/2007,-0.01
5/31/2007,-0.02
6/1/2007,-0.02
6/4/2007,-0.04
6/5/2007,-0.01
6/6/2007,0
6/7/2007,0.08
6/8/2007,0.11
6/11/2007,0.13
6/12/2007,0.18
6/13/2007,0.12
6/14/2007,0.13
6/15/2007,0.11
6/18/2007,0.14
6/19/2007,0.15
6/20/2007,0.17
6/21/2007,0.18
6/22/2007,0.22
6/25/2007,0.22
6/26/2007,0.2
6/27/2007,0.18
6/28/2007,0.16
6/29/2007,0.16
7/2/2007,0.14
7/3/2007,0.16
7/4/2007,
7/5/2007,0.17
7/6/2007,0.2
7/9/2007,0.19
7/10/2007,0.18
7/11/2007,0.2
7/12/2007,0.19
7/13/2007,0.17
7/16/2007,0.16
7/17/2007,0.17
7/18/2007,0.18
7/19/2007,0.17
7/20/2007,0.17
7/23/2007,0.17
7/24/2007,0.17
7/25/2007,0.18
7/26/2007,0.23
7/27/2007,0.24
7/30/2007,0.23
7/31/2007,0.22
8/1/2007,0.2
8/2/2007,0.18
8/3/2007,0.25
8/6/2007,0.26
8/7/2007,0.21
8/8/2007,0.2
8/9/2007,0.3
8/10/2007,0.34
8/13/2007,0.32
8/14/2007,0.34
8/15/2007,0.42
8/16/2007,0.52
8/17/2007,0.5
8/20/2007,0.53
8/21/2007,0.55
8/22/2007,0.48
8/23/2007,0.42
8/24/2007,0.33
8/27/2007,0.32
8/28/2007,0.4
8/29/2007,0.43
8/30/2007,0.43
8/31/2007,0.39
9/3/2007,
9/4/2007,0.43
9/5/2007,0.45
9/6/2007,0.43
9/7/2007,0.48
9/10/2007,0.47
9/11/2007,0.42
9/12/2007,0.46
9/13/2007,0.41
9/14/2007,0.42
9/17/2007,0.4
9/18/2007,0.5
9/19/2007,0.53
9/20/2007,0.59
9/21/2007,0.58
9/24/2007,0.58
9/25/2007,0.63
9/26/2007,0.66
9/27/2007,0.63
9/28/2007,0.62
10/1/2007,0.54
10/2/2007,0.56
10/3/2007,0.53
10/4/2007,0.54
10/5/2007,0.57
10/8/2007,
10/9/2007,0.52
10/10/2007,0.5
10/11/2007,0.53
10/12/2007,0.47
10/15/2007,0.47
10/16/2007,0.54
10/17/2007,0.57
10/18/2007,0.59
10/19/2007,0.61
10/22/2007,0.57
10/23/2007,0.6
10/24/2007,0.62
10/25/2007,0.63
10/26/2007,0.64
10/29/2007,0.6
10/30/2007,0.58
10/31/2007,0.54
11/1/2007,0.59
11/2/2007,0.65
11/5/2007,0.66
11/6/2007,0.68
11/7/2007,0.73
11/8/2007,0.81
11/9/2007,0.81
11/12/2007,
11/13/2007,0.72
11/14/2007,0.71
11/15/2007,0.82
11/16/2007,0.82
11/19/2007,0.89
11/20/2007,0.92
11/21/2007,1.01
11/22/2007,
11/23/2007,0.94
11/26/2007,0.91
11/27/2007,0.9
11/28/2007,0.86
11/29/2007,0.88
11/30/2007,0.93
12/3/2007,0.99
12/4/2007,0.99
12/5/2007,1.02
12/6/2007,0.99
12/7/2007,1
12/10/2007,0.98
12/11/2007,1.04
12/12/2007,0.98
12/13/2007,0.97
12/14/2007,0.93
12/17/2007,0.96
12/18/2007,0.95
12/19/2007,0.94
12/20/2007,0.95
12/21/2007,0.99
12/24/2007,0.99
12/25/2007,
12/26/2007,0.99
12/27/2007,0.97
12/28/2007,0.99
12/31/2007,0.99
1/1/2008,
1/2/2008,1.03
1/3/2008,1.08
1/4/2008,1.14
1/7/2008,1.1
1/8/2008,1.1
1/9/2008,1.13
1/10/2008,1.2
1/11/2008,1.23
1/14/2008,1.23
1/15/2008,1.19
1/16/2008,1.23
1/17/2008,1.22
1/18/2008,1.3
1/21/2008,
1/22/2008,1.44
1/23/2008,1.42
1/24/2008,1.43
1/25/2008,1.38
1/28/2008,1.41
1/29/2008,1.4
1/30/2008,1.48
1/31/2008,1.5
2/1/2008,1.53
2/4/2008,1.6
2/5/2008,1.68
2/6/2008,1.65
2/7/2008,1.75
2/8/2008,1.71
2/11/2008,1.69
2/12/2008,1.72
2/13/2008,1.79
2/14/2008,1.92
2/15/2008,1.85
2/18/2008,
2/19/2008,1.83
2/20/2008,1.79
2/21/2008,1.79
2/22/2008,1.81
2/25/2008,1.78
2/26/2008,1.84
2/27/2008,1.84
2/28/2008,1.84
2/29/2008,1.88
3/3/2008,1.93
3/4/2008,1.98
3/5/2008,2.04
3/6/2008,2.09
3/7/2008,2.03
3/10/2008,1.99
3/11/2008,1.86
3/12/2008,1.86
3/13/2008,1.93
3/14/2008,1.97
3/17/2008,1.99
3/18/2008,1.9
3/19/2008,1.84
3/20/2008,1.75
3/21/2008,
3/24/2008,1.72
3/25/2008,1.72
3/26/2008,1.8
3/27/2008,1.83
3/28/2008,1.8
3/31/2008,1.83
4/1/2008,1.77
4/2/2008,1.72
4/3/2008,1.7
4/4/2008,1.67
4/7/2008,1.62
4/8/2008,1.71
4/9/2008,1.72
4/10/2008,1.71
4/11/2008,1.73
4/14/2008,1.75
4/15/2008,1.76
4/16/2008,1.74
4/17/2008,1.62
4/18/2008,1.58
4/21/2008,1.55
4/22/2008,1.5
4/23/2008,1.55
4/24/2008,1.46
4/25/2008,1.47
4/28/2008,1.5
4/29/2008,1.5
4/30/2008,1.48
5/1/2008,1.41
5/2/2008,1.42
5/5/2008,1.46
5/6/2008,1.55
5/7/2008,1.56
5/8/2008,1.54
5/9/2008,1.52
5/12/2008,1.48
5/13/2008,1.43
5/14/2008,1.39
5/15/2008,1.38
5/16/2008,1.38
5/19/2008,1.41
5/20/2008,1.44
5/21/2008,1.4
5/22/2008,1.36
5/23/2008,1.39
5/26/2008,
5/27/2008,1.38
5/28/2008,1.41
5/29/2008,1.41
5/30/2008,1.4
6/2/2008,1.47
6/3/2008,1.47
6/4/2008,1.51
6/5/2008,1.54
6/6/2008,1.54
6/9/2008,1.29
6/10/2008,1.2
6/11/2008,1.27
6/12/2008,1.2
6/13/2008,1.22
6/16/2008,1.23
6/17/2008,1.29
6/18/2008,1.27
6/19/2008,1.23
6/20/2008,1.28
6/23/2008,1.21
6/24/2008,1.23
6/25/2008,1.3
6/26/2008,1.39
6/27/2008,1.34
6/30/2008,1.36
7/1/2008,1.38
7/2/2008,1.39
7/3/2008,1.45
7/4/2008,
7/7/2008,1.48
7/8/2008,1.44
7/9/2008,1.44
7/10/2008,1.39
7/11/2008,1.37
7/14/2008,1.43
7/15/2008,1.48
7/16/2008,1.53
7/17/2008,1.49
7/18/2008,1.45
7/21/2008,1.43
7/22/2008,1.4
7/23/2008,1.35
7/24/2008,1.42
7/25/2008,1.43
7/28/2008,1.47
7/29/2008,1.44
7/30/2008,1.43
7/31/2008,1.47
8/1/2008,1.46
8/4/2008,1.45
8/5/2008,1.5
8/6/2008,1.5
8/7/2008,1.49
8/8/2008,1.43
8/11/2008,1.43
8/12/2008,1.46
8/13/2008,1.44
8/14/2008,1.44
8/15/2008,1.44
8/18/2008,1.47
8/19/2008,1.51
8/20/2008,1.54
8/21/2008,1.51
8/22/2008,1.45
8/25/2008,1.46
8/26/2008,1.44
8/27/2008,1.46
8/28/2008,1.42
8/29/2008,1.47
9/1/2008,
9/2/2008,1.48
9/3/2008,1.45
9/4/2008,1.44
9/5/2008,1.43
9/8/2008,1.36
9/9/2008,1.39
9/10/2008,1.43
9/11/2008,1.46
9/12/2008,1.51
9/15/2008,1.69
9/16/2008,1.59
9/17/2008,1.77
9/18/2008,1.76
9/19/2008,1.62
9/22/2008,1.7
9/23/2008,1.74
9/24/2008,1.77
9/25/2008,1.72
9/26/2008,1.74
9/29/2008,1.91
9/30/2008,1.85
10/1/2008,1.95
10/2/2008,2.04
10/3/2008,2.03
10/6/2008,2.05
10/7/2008,2.03
10/8/2008,2.07
10/9/2008,2.19
10/10/2008,2.27
10/13/2008,
10/14/2008,2.26
10/15/2008,2.4
10/16/2008,2.38
10/17/2008,2.34
10/20/2008,2.2
10/21/2008,2.18
10/22/2008,2.12
10/23/2008,2.09
10/24/2008,2.19
10/27/2008,2.2
10/28/2008,2.24
10/29/2008,2.35
10/30/2008,2.41
10/31/2008,2.45
11/3/2008,2.51
11/4/2008,2.42
11/5/2008,2.37
11/6/2008,2.47
11/7/2008,2.5
11/10/2008,2.55
11/11/2008,
11/12/2008,2.56
11/13/2008,2.6
11/14/2008,2.5
11/17/2008,2.46
11/18/2008,2.38
11/19/2008,2.29
11/20/2008,2.1
11/21/2008,2.11
11/24/2008,2.04
11/25/2008,1.96
11/26/2008,1.9
11/27/2008,
11/28/2008,1.93
12/1/2008,1.82
12/2/2008,1.78
12/3/2008,1.8
12/4/2008,1.73
12/5/2008,1.74
12/8/2008,1.8
12/9/2008,1.83
12/10/2008,1.83
12/11/2008,1.85
12/12/2008,1.82
12/15/2008,1.78
12/16/2008,1.72
12/17/2008,1.47
12/18/2008,1.4
12/19/2008,1.39
12/22/2008,1.29
12/23/2008,1.28
12/24/2008,1.3
12/25/2008,
12/26/2008,1.27
12/29/2008,1.35
12/30/2008,1.36
12/31/2008,1.49
1/1/2009,
1/2/2009,1.58
1/5/2009,1.71
1/6/2009,1.71
1/7/2009,1.7
1/8/2009,1.64
1/9/2009,1.68
1/12/2009,1.6
1/13/2009,1.57
1/14/2009,1.51
1/15/2009,1.5
1/16/2009,1.63
1/19/2009,
1/20/2009,1.67
1/21/2009,1.78
1/22/2009,1.87
1/23/2009,1.82
1/26/2009,1.85
1/27/2009,1.72
1/28/2009,1.82
1/29/2009,1.92
1/30/2009,1.93
2/2/2009,1.87
2/3/2009,1.93
2/4/2009,1.97
2/5/2009,1.97
2/6/2009,2.06
2/9/2009,2.02
2/10/2009,1.98
2/11/2009,1.85
2/12/2009,1.86
2/13/2009,1.92
2/16/2009,
2/17/2009,1.77
2/18/2009,1.77
2/19/2009,1.84
2/20/2009,1.82
2/23/2009,1.82
2/24/2009,1.77
2/25/2009,1.86
2/26/2009,1.9
2/27/2009,2.02
3/2/2009,2.02
3/3/2009,2.02
3/4/2009,2.04
3/5/2009,1.93
3/6/2009,1.92
3/9/2009,1.93
3/10/2009,1.98
3/11/2009,1.92
3/12/2009,1.86
3/13/2009,1.91
3/16/2009,1.97
3/17/2009,1.97
3/18/2009,1.69
3/19/2009,1.74
3/20/2009,1.76
3/23/2009,1.75
3/24/2009,1.75
3/25/2009,1.85
3/26/2009,1.86
3/27/2009,1.88
3/30/2009,1.89
3/31/2009,1.9
4/1/2009,1.85
4/2/2009,1.89
4/3/2009,1.95
4/6/2009,2.01
4/7/2009,2.02
4/8/2009,1.93
4/9/2009,2
4/10/2009,
4/13/2009,1.99
4/14/2009,1.94
4/15/2009,1.96
4/16/2009,1.95
4/17/2009,1.99
4/20/2009,1.95
4/21/2009,1.98
4/22/2009,1.98
4/23/2009,1.99
4/24/2009,2.04
4/27/2009,2.05
4/28/2009,2.1
4/29/2009,2.18
4/30/2009,2.25
5/1/2009,2.29
5/4/2009,2.25
5/5/2009,2.22
5/6/2009,2.22
5/7/2009,2.29
5/8/2009,2.29
5/11/2009,2.25
5/12/2009,2.27
5/13/2009,2.22
5/14/2009,2.23
5/15/2009,2.26
5/18/2009,2.29
5/19/2009,2.34
5/20/2009,2.32
5/21/2009,2.46
5/22/2009,2.53
5/25/2009,
5/26/2009,2.54
5/27/2009,2.75
5/28/2009,2.7
5/29/2009,2.55
6/1/2009,2.74
6/2/2009,2.69
6/3/2009,2.65
6/4/2009,2.76
6/5/2009,2.52
6/8/2009,2.49
6/9/2009,2.53
6/10/2009,2.6
6/11/2009,2.53
6/12/2009,2.51
6/15/2009,2.5
6/16/2009,2.44
6/17/2009,2.49
6/18/2009,2.58
6/19/2009,2.54
6/22/2009,2.55
6/23/2009,2.51
6/24/2009,2.53
6/25/2009,2.43
6/26/2009,2.42
6/29/2009,2.4
6/30/2009,2.42
7/1/2009,2.5
7/2/2009,2.53
7/3/2009,
7/6/2009,2.56
7/7/2009,2.49
7/8/2009,2.42
7/9/2009,2.5
7/10/2009,2.41
7/13/2009,2.46
7/14/2009,2.53
7/15/2009,2.6
7/16/2009,2.59
7/17/2009,2.65
7/20/2009,2.62
7/21/2009,2.54
7/22/2009,2.6
7/23/2009,2.64
7/24/2009,2.65
7/27/2009,2.67
7/28/2009,2.6
7/29/2009,2.52
7/30/2009,2.48
7/31/2009,2.39
8/3/2009,2.48
8/4/2009,2.5
8/5/2009,2.57
8/6/2009,2.57
8/7/2009,2.57
8/10/2009,2.56
8/11/2009,2.5
8/12/2009,2.54
8/13/2009,2.47
8/14/2009,2.48
8/17/2009,2.44
8/18/2009,2.45
8/19/2009,2.44
8/20/2009,2.39
8/21/2009,2.43
8/24/2009,2.43
8/25/2009,2.4
8/26/2009,2.38
8/27/2009,2.43
8/28/2009,2.45
8/31/2009,2.43
9/1/2009,2.46
9/2/2009,2.4
9/3/2009,2.42
9/4/2009,2.51
9/7/2009,
9/8/2009,2.54
9/9/2009,2.55
9/10/2009,2.46
9/11/2009,2.44
9/14/2009,2.48
9/15/2009,2.51
9/16/2009,2.47
9/17/2009,2.44
9/18/2009,2.46
9/21/2009,2.47
9/22/2009,2.44
9/23/2009,2.48
9/24/2009,2.47
9/25/2009,2.36
9/28/2009,2.33
9/29/2009,2.31
9/30/2009,2.36
10/1/2009,2.34
10/2/2009,2.36
10/5/2009,2.36
10/6/2009,2.36
10/7/2009,2.34
10/8/2009,2.37
10/9/2009,2.42
10/12/2009,
10/13/2009,2.43
10/14/2009,2.49
10/15/2009,2.52
10/16/2009,2.46
10/19/2009,2.42
10/20/2009,2.4
10/21/2009,2.42
10/22/2009,2.47
10/23/2009,2.47
10/26/2009,2.53
10/27/2009,2.5
10/28/2009,2.49
10/29/2009,2.55
10/30/2009,2.51
11/2/2009,2.53
11/3/2009,2.58
11/4/2009,2.66
11/5/2009,2.67
11/6/2009,2.68
11/9/2009,2.65
11/10/2009,2.65
11/11/2009,
11/12/2009,2.63
11/13/2009,2.61
11/16/2009,2.55
11/17/2009,2.55
11/18/2009,2.59
11/19/2009,2.62
11/20/2009,2.61
11/23/2009,2.6
11/24/2009,2.59
11/25/2009,2.55
11/26/2009,
11/27/2009,2.53
11/30/2009,2.54
12/1/2009,2.61
12/2/2009,2.6
12/3/2009,2.65
12/4/2009,2.64
12/7/2009,2.66
12/8/2009,2.67
12/9/2009,2.69
12/10/2009,2.71
12/11/2009,2.72
12/14/2009,2.69
12/15/2009,2.72
12/16/2009,2.76
12/17/2009,2.73
12/18/2009,2.73
12/21/2009,2.8
12/22/2009,2.81
12/23/2009,2.81
12/24/2009,2.82
12/25/2009,
12/28/2009,2.76
12/29/2009,2.73
12/30/2009,2.72
12/31/2009,2.71
1/1/2010,
1/4/2010,2.76
1/5/2010,2.76
1/6/2010,2.84
1/7/2010,2.82
1/8/2010,2.87
1/11/2010,2.9
1/12/2010,2.82
1/13/2010,2.83
1/14/2010,2.82
1/15/2010,2.81
1/18/2010,
1/19/2010,2.8
1/20/2010,2.76
1/21/2010,2.75
1/22/2010,2.78
1/25/2010,2.8
1/26/2010,2.78
1/27/2010,2.76
1/28/2010,2.81
1/29/2010,2.81
2/1/2010,2.82
2/2/2010,2.81
2/3/2010,2.85
2/4/2010,2.82
2/5/2010,2.82
2/8/2010,2.83
2/9/2010,2.83
2/10/2010,2.81
2/11/2010,2.82
2/12/2010,2.85
2/15/2010,
2/16/2010,2.84
2/17/2010,2.87
2/18/2010,2.89
2/19/2010,2.83
2/22/2010,2.89
2/23/2010,2.82
2/24/2010,2.83
2/25/2010,2.82
2/26/2010,2.8
3/1/2010,2.81
3/2/2010,2.82
3/3/2010,2.81
3/4/2010,2.75
3/5/2010,2.78
3/8/2010,2.82
3/9/2010,2.82
3/10/2010,2.81
3/11/2010,2.76
3/12/2010,2.74
3/15/2010,2.75
3/16/2010,2.73
3/17/2010,2.7
3/18/2010,2.7
3/19/2010,2.68
3/22/2010,2.66
3/23/2010,2.67
3/24/2010,2.76
3/25/2010,2.81
3/26/2010,2.82
3/29/2010,2.84
3/30/2010,2.82
3/31/2010,2.82
4/1/2010,2.84
4/2/2010,2.85
4/5/2010,2.83
4/6/2010,2.84
4/7/2010,2.83
4/8/2010,2.82
4/9/2010,2.82
4/12/2010,2.8
4/13/2010,2.77
4/14/2010,2.81
4/15/2010,2.82
4/16/2010,2.81
4/19/2010,2.82
4/20/2010,2.77
4/21/2010,2.74
4/22/2010,2.73
4/23/2010,2.74
4/26/2010,2.74
4/27/2010,2.68
4/28/2010,2.77
4/29/2010,2.75
4/30/2010,2.72
5/3/2010,2.72
5/4/2010,2.67
5/5/2010,2.7
5/6/2010,2.66
5/7/2010,2.62
5/10/2010,2.7
5/11/2010,2.71
5/12/2010,2.67
5/13/2010,2.68
5/14/2010,2.65
5/17/2010,2.66
5/18/2010,2.62
5/19/2010,2.56
5/20/2010,2.49
5/21/2010,2.44
5/24/2010,2.46
5/25/2010,2.37
5/26/2010,2.39
5/27/2010,2.47
5/28/2010,2.55
5/31/2010,
6/1/2010,2.51
6/2/2010,2.53
6/3/2010,2.57
6/4/2010,2.48
6/7/2010,2.43
6/8/2010,2.44
6/9/2010,2.46
6/10/2010,2.54
6/11/2010,2.49
6/14/2010,2.51
6/15/2010,2.53
6/16/2010,2.52
6/17/2010,2.49
6/18/2010,2.5
6/21/2010,2.52
6/22/2010,2.47
6/23/2010,2.47
6/24/2010,2.47
6/25/2010,2.47
6/28/2010,2.43
6/29/2010,2.36
6/30/2010,2.36
7/1/2010,2.33
7/2/2010,2.37
7/5/2010,
7/6/2010,2.33
7/7/2010,2.37
7/8/2010,2.41
7/9/2010,2.44
7/12/2010,2.43
7/13/2010,2.48
7/14/2010,2.45
7/15/2010,2.39
7/16/2010,2.35
7/19/2010,2.38
7/20/2010,2.37
7/21/2010,2.32
7/22/2010,2.36
7/23/2010,2.42
7/26/2010,2.41
7/27/2010,2.43
7/28/2010,2.42
7/29/2010,2.44
7/30/2010,2.39
8/2/2010,2.43
8/3/2010,2.41
8/4/2010,2.42
8/5/2010,2.41
8/6/2010,2.36
8/9/2010,2.32
8/10/2010,2.27
8/11/2010,2.18
8/12/2010,2.19
8/13/2010,2.14
8/16/2010,2.07
8/17/2010,2.12
8/18/2010,2.13
8/19/2010,2.09
8/20/2010,2.13
8/23/2010,2.11
8/24/2010,2
8/25/2010,2.01
8/26/2010,1.99
8/27/2010,2.1
8/30/2010,2.04
8/31/2010,2
9/1/2010,2.08
9/2/2010,2.13
9/3/2010,2.2
9/6/2010,
9/7/2010,2.12
9/8/2010,2.14
9/9/2010,2.2
9/10/2010,2.23
9/13/2010,2.21
9/14/2010,2.18
9/15/2010,2.24
9/16/2010,2.29
9/17/2010,2.27
9/20/2010,2.25
9/21/2010,2.18
9/22/2010,2.12
9/23/2010,2.11
9/24/2010,2.17
9/27/2010,2.1
9/28/2010,2.11
9/29/2010,2.08
9/30/2010,2.11
10/1/2010,2.12
10/4/2010,2.09
10/5/2010,2.09
10/6/2010,2.03
10/7/2010,2.05
10/8/2010,2.06
10/11/2010,
10/12/2010,2.07
10/13/2010,2.09
10/14/2010,2.14
10/15/2010,2.22
10/18/2010,2.14
10/19/2010,2.13
10/20/2010,2.16
10/21/2010,2.2
10/22/2010,2.24
10/25/2010,2.22
10/26/2010,2.27
10/27/2010,2.35
10/28/2010,2.32
10/29/2010,2.29
11/1/2010,2.32
11/2/2010,2.29
11/3/2010,2.33
11/4/2010,2.2
11/5/2010,2.2
11/8/2010,2.19
11/9/2010,2.26
11/10/2010,2.21
11/11/2010,
11/12/2010,2.25
11/15/2010,2.39
11/16/2010,2.34
11/17/2010,2.39
11/18/2010,2.38
11/19/2010,2.36
11/22/2010,2.31
11/23/2010,2.32
11/24/2010,2.4
11/25/2010,
11/26/2010,2.36
11/29/2010,2.32
11/30/2010,2.36
12/1/2010,2.44
12/2/2010,2.46
12/3/2010,2.54
12/6/2010,2.53
12/7/2010,2.61
12/8/2010,2.63
12/9/2010,2.59
12/10/2010,2.68
12/13/2010,2.68
12/14/2010,2.83
12/15/2010,2.85
12/16/2010,2.81
12/17/2010,2.72
12/20/2010,2.74
12/21/2010,2.72
12/22/2010,2.71
12/23/2010,2.74
12/24/2010,
12/27/2010,2.65
12/28/2010,2.75
12/29/2010,2.71
12/30/2010,2.72
12/31/2010,2.69
1/3/2011,2.75
1/4/2011,2.73
1/5/2011,2.79
1/6/2011,2.76
1/7/2011,2.74
1/10/2011,2.73
1/11/2011,2.77
1/12/2011,2.79
1/13/2011,2.75
1/14/2011,2.76
1/17/2011,
1/18/2011,2.79
1/19/2011,2.77
1/20/2011,2.82
1/21/2011,2.81
1/24/2011,2.78
1/25/2011,2.73
1/26/2011,2.83
1/27/2011,2.83
1/28/2011,2.82
1/31/2011,2.84
2/1/2011,2.87
2/2/2011,2.85
2/3/2011,2.87
2/4/2011,2.91
2/7/2011,2.9
2/8/2011,2.89
2/9/2011,2.84
2/10/2011,2.85
2/11/2011,2.79
2/14/2011,2.75
2/15/2011,2.77
2/16/2011,2.76
2/17/2011,2.78
2/18/2011,2.81
2/21/2011,
2/22/2011,2.72
2/23/2011,2.75
2/24/2011,2.73
2/25/2011,2.7
2/28/2011,2.73
3/1/2011,2.75
3/2/2011,2.77
3/3/2011,2.79
3/4/2011,2.81
3/7/2011,2.81
3/8/2011,2.83
3/9/2011,2.78
3/10/2011,2.72
3/11/2011,2.76
3/14/2011,2.75
3/15/2011,2.7
3/16/2011,2.64
3/17/2011,2.65
3/18/2011,2.67
3/21/2011,2.67
3/22/2011,2.66
3/23/2011,2.67
3/24/2011,2.7
3/25/2011,2.67
3/28/2011,2.66
3/29/2011,2.69
3/30/2011,2.67
3/31/2011,2.67
4/1/2011,2.66
4/4/2011,2.68
4/5/2011,2.66
4/6/2011,2.71
4/7/2011,2.77
4/8/2011,2.76
4/11/2011,2.74
4/12/2011,2.75
4/13/2011,2.74
4/14/2011,2.74
4/15/2011,2.72
4/18/2011,2.71
4/19/2011,2.71
4/20/2011,2.74
4/21/2011,2.74
4/22/2011,
4/25/2011,2.72
4/26/2011,2.69
4/27/2011,2.74
4/28/2011,2.72
4/29/2011,2.71
5/2/2011,2.7
5/3/2011,2.67
5/4/2011,2.65
5/5/2011,2.6
5/6/2011,2.62
5/9/2011,2.6
5/10/2011,2.64
5/11/2011,2.63
5/12/2011,2.65
5/13/2011,2.61
5/16/2011,2.61
5/17/2011,2.57
5/18/2011,2.6
5/19/2011,2.62
5/20/2011,2.6
5/23/2011,2.58
5/24/2011,2.56
5/25/2011,2.59
5/26/2011,2.59
5/27/2011,2.59
5/30/2011,
5/31/2011,2.6
6/1/2011,2.52
6/2/2011,2.59
6/3/2011,2.57
6/6/2011,2.58
6/7/2011,2.62
6/8/2011,2.59
6/9/2011,2.58
6/10/2011,2.58
6/13/2011,2.6
6/14/2011,2.66
6/15/2011,2.6
6/16/2011,2.55
6/17/2011,2.56
6/20/2011,2.59
6/21/2011,2.59
6/22/2011,2.62
6/23/2011,2.58
6/24/2011,2.53
6/27/2011,2.54
6/28/2011,2.57
6/29/2011,2.67
6/30/2011,2.73
7/1/2011,2.72
7/4/2011,
7/5/2011,2.72
7/6/2011,2.69
7/7/2011,2.68
7/8/2011,2.63
7/11/2011,2.57
7/12/2011,2.55
7/13/2011,2.55
7/14/2011,2.6
7/15/2011,2.57
7/18/2011,2.57
7/19/2011,2.52
7/20/2011,2.56
7/21/2011,2.63
7/22/2011,2.59
7/25/2011,2.61
7/26/2011,2.58
7/27/2011,2.57
7/28/2011,2.56
7/29/2011,2.46
8/1/2011,2.39
8/2/2011,2.33
8/3/2011,2.31
8/4/2011,2.2
8/5/2011,2.3
8/8/2011,2.13
8/9/2011,2.01
8/10/2011,1.98
8/11/2011,2.15
8/12/2011,2.04
8/15/2011,2.1
8/16/2011,2.03
8/17/2011,1.98
8/18/2011,1.88
8/19/2011,1.87
8/22/2011,1.88
8/23/2011,1.93
8/24/2011,2.06
8/25/2011,2.01
8/26/2011,1.99
8/29/2011,2.08
8/30/2011,1.99
8/31/2011,2.03
9/1/2011,1.96
9/2/2011,1.82
9/5/2011,
9/6/2011,1.77
9/7/2011,1.84
9/8/2011,1.81
9/9/2011,1.76
9/12/2011,1.73
9/13/2011,1.79
9/14/2011,1.84
9/15/2011,1.88
9/16/2011,1.9
9/19/2011,1.81
9/20/2011,1.77
9/21/2011,1.67
9/22/2011,1.52
9/23/2011,1.61
9/26/2011,1.66
9/27/2011,1.75
9/28/2011,1.76
9/29/2011,1.72
9/30/2011,1.67
10/3/2011,1.56
10/4/2011,1.56
10/5/2011,1.67
10/6/2011,1.72
10/7/2011,1.8
10/10/2011,
10/11/2011,1.86
10/12/2011,1.95
10/13/2011,1.9
10/14/2011,1.98
10/17/2011,1.9
10/18/2011,1.91
10/19/2011,1.9
10/20/2011,1.92
10/21/2011,1.93
10/24/2011,1.95
10/25/2011,1.88
10/26/2011,1.95
10/27/2011,2.11
10/28/2011,2.06
10/31/2011,1.92
11/1/2011,1.78
11/2/2011,1.8
11/3/2011,1.85
11/4/2011,1.84
11/7/2011,1.79
11/8/2011,1.85
11/9/2011,1.76
11/10/2011,1.8
11/11/2011,
11/14/2011,1.8
11/15/2011,1.8
11/16/2011,1.75
11/17/2011,1.69
11/18/2011,1.72
11/21/2011,1.7
11/22/2011,1.68
11/23/2011,1.63
11/24/2011,
11/25/2011,1.69
11/28/2011,1.71
11/29/2011,1.73
11/30/2011,1.83
12/1/2011,1.84
12/2/2011,1.8
12/5/2011,1.77
12/6/2011,1.83
12/7/2011,1.78
12/8/2011,1.77
12/9/2011,1.85
12/12/2011,1.79
12/13/2011,1.72
12/14/2011,1.67
12/15/2011,1.66
12/16/2011,1.62
12/19/2011,1.58
12/20/2011,1.68
12/21/2011,1.7
12/22/2011,1.69
12/23/2011,1.75
12/26/2011,
12/27/2011,1.72
12/28/2011,1.65
12/29/2011,1.63
12/30/2011,1.64
1/2/2012,
1/3/2012,1.7
1/4/2012,1.75
1/5/2012,1.75
1/6/2012,1.73
1/9/2012,1.72
1/10/2012,1.76
1/11/2012,1.69
1/12/2012,1.72
1/13/2012,1.65
1/16/2012,
1/17/2012,1.66
1/18/2012,1.68
1/19/2012,1.75
1/20/2012,1.79
1/23/2012,1.83
1/24/2012,1.84
1/25/2012,1.79
1/26/2012,1.74
1/27/2012,1.71
1/30/2012,1.65
1/31/2012,1.61
2/1/2012,1.64
2/2/2012,1.63
2/3/2012,1.74
2/6/2012,1.69
2/7/2012,1.75
2/8/2012,1.74
2/9/2012,1.77
2/10/2012,1.69
2/13/2012,1.7
2/14/2012,1.63
2/15/2012,1.64
2/16/2012,1.7
2/17/2012,1.72
2/20/2012,
2/21/2012,1.74
2/22/2012,1.72
2/23/2012,1.68
2/24/2012,1.67
2/27/2012,1.62
2/28/2012,1.64
2/29/2012,1.68
3/1/2012,1.73
3/2/2012,1.71
3/5/2012,1.69
3/6/2012,1.66
3/7/2012,1.68
3/8/2012,1.71
3/9/2012,1.71
3/12/2012,1.71
3/13/2012,1.79
3/14/2012,1.89
3/15/2012,1.92
3/16/2012,1.94
3/19/2012,2
3/20/2012,1.97
3/21/2012,1.92
3/22/2012,1.92
3/23/2012,1.88
3/26/2012,1.9
3/27/2012,1.87
3/28/2012,1.87
3/29/2012,1.85
3/30/2012,1.9
4/2/2012,1.89
4/3/2012,1.94
4/4/2012,1.9
4/5/2012,1.84
4/6/2012,1.75
4/9/2012,1.74
4/10/2012,1.73
4/11/2012,1.75
4/12/2012,1.79
4/13/2012,1.75
4/16/2012,1.73
4/17/2012,1.76
4/18/2012,1.73
4/19/2012,1.71
4/20/2012,1.7
4/23/2012,1.69
4/24/2012,1.73
4/25/2012,1.75
4/26/2012,1.72
4/27/2012,1.7
4/30/2012,1.68
5/1/2012,1.71
5/2/2012,1.69
5/3/2012,1.68
5/4/2012,1.64
5/7/2012,1.65
5/8/2012,1.61
5/9/2012,1.6
5/10/2012,1.62
5/11/2012,1.57
5/14/2012,1.49
5/15/2012,1.47
5/16/2012,1.46
5/17/2012,1.38
5/18/2012,1.39
5/21/2012,1.45
5/22/2012,1.49
5/23/2012,1.45
5/24/2012,1.48
5/25/2012,1.45
5/28/2012,
5/29/2012,1.44
5/30/2012,1.36
5/31/2012,1.32
6/1/2012,1.22
6/4/2012,1.28
6/5/2012,1.32
6/6/2012,1.4
6/7/2012,1.39
6/8/2012,1.37
6/11/2012,1.33
6/12/2012,1.37
6/13/2012,1.31
6/14/2012,1.34
6/15/2012,1.31
6/18/2012,1.3
6/19/2012,1.34
6/20/2012,1.33
6/21/2012,1.31
6/22/2012,1.38
6/25/2012,1.32
6/26/2012,1.35
6/27/2012,1.34
6/28/2012,1.29
6/29/2012,1.34
7/2/2012,1.31
7/3/2012,1.35
7/4/2012,
7/5/2012,1.34
7/6/2012,1.3
7/9/2012,1.26
7/10/2012,1.26
7/11/2012,1.27
7/12/2012,1.25
7/13/2012,1.27
7/16/2012,1.26
7/17/2012,1.28
7/18/2012,1.3
7/19/2012,1.32
7/20/2012,1.27
7/23/2012,1.25
7/24/2012,1.22
7/25/2012,1.21
7/26/2012,1.22
7/27/2012,1.33
7/30/2012,1.3
7/31/2012,1.28
8/1/2012,1.32
8/2/2012,1.27
8/3/2012,1.36
8/6/2012,1.35
8/7/2012,1.39
8/8/2012,1.39
8/9/2012,1.4
8/10/2012,1.38
8/13/2012,1.38
8/14/2012,1.46
8/15/2012,1.53
8/16/2012,1.54
8/17/2012,1.52
8/20/2012,1.53
8/21/2012,1.49
8/22/2012,1.45
8/23/2012,1.42
8/24/2012,1.4
8/27/2012,1.37
8/28/2012,1.37
8/29/2012,1.39
8/30/2012,1.36
8/31/2012,1.35
9/3/2012,
9/4/2012,1.36
9/5/2012,1.35
9/6/2012,1.41
9/7/2012,1.42
9/10/2012,1.43
9/11/2012,1.45
9/12/2012,1.52
9/13/2012,1.51
9/14/2012,1.61
9/17/2012,1.6
9/18/2012,1.57
9/19/2012,1.52
9/20/2012,1.53
9/21/2012,1.5
9/24/2012,1.47
9/25/2012,1.43
9/26/2012,1.38
9/27/2012,1.41
9/28/2012,1.42
10/1/2012,1.39
10/2/2012,1.41
10/3/2012,1.41
10/4/2012,1.47
10/5/2012,1.48
10/8/2012,
10/9/2012,1.49
10/10/2012,1.45
10/11/2012,1.42
10/12/2012,1.42
10/15/2012,1.43
10/16/2012,1.48
10/17/2012,1.53
10/18/2012,1.57
10/19/2012,1.49
10/22/2012,1.51
10/23/2012,1.5
10/24/2012,1.51
10/25/2012,1.55
10/26/2012,1.48
10/29/2012,1.44
10/30/2012,
10/31/2012,1.42
11/1/2012,1.45
11/2/2012,1.47
11/5/2012,1.44
11/6/2012,1.48
11/7/2012,1.41
11/8/2012,1.35
11/9/2012,1.34
11/12/2012,
11/13/2012,1.32
11/14/2012,1.34
11/15/2012,1.34
11/16/2012,1.34
11/19/2012,1.36
11/20/2012,1.39
11/21/2012,1.42
11/22/2012,
11/23/2012,1.41
11/26/2012,1.39
11/27/2012,1.37
11/28/2012,1.36
11/29/2012,1.37
11/30/2012,1.37
12/3/2012,1.38
12/4/2012,1.37
12/5/2012,1.35
12/6/2012,1.34
12/7/2012,1.39
12/10/2012,1.39
12/11/2012,1.42
12/12/2012,1.47
12/13/2012,1.47
12/14/2012,1.48
12/17/2012,1.53
12/18/2012,1.56
12/19/2012,1.54
12/20/2012,1.53
12/21/2012,1.51
12/24/2012,1.53
12/25/2012,
12/26/2012,1.51
12/27/2012,1.48
12/28/2012,1.46
12/31/2012,1.53
1/1/2013,
1/2/2013,1.59
1/3/2013,1.65
1/4/2013,1.66
1/7/2013,1.65
1/8/2013,1.64
1/9/2013,1.64
1/10/2013,1.65
1/11/2013,1.63
1/14/2013,1.63
1/15/2013,1.6
1/16/2013,1.58
1/17/2013,1.61
1/18/2013,1.61
1/21/2013,
1/22/2013,1.6
1/23/2013,1.6
1/24/2013,1.65
1/25/2013,1.7
1/28/2013,1.71
1/29/2013,1.73
1/30/2013,1.76
1/31/2013,1.75
2/1/2013,1.77
2/4/2013,1.75
2/5/2013,1.77
2/6/2013,1.73
2/7/2013,1.74
2/8/2013,1.74
2/11/2013,1.72
2/12/2013,1.73
2/13/2013,1.76
2/14/2013,1.73
2/15/2013,1.72
2/18/2013,
2/19/2013,1.74
2/20/2013,1.75
2/21/2013,1.73
2/22/2013,1.7
2/25/2013,1.63
2/26/2013,1.63
2/27/2013,1.64
2/28/2013,1.64
3/1/2013,1.61
3/4/2013,1.64
3/5/2013,1.65
3/6/2013,1.7
3/7/2013,1.75
3/8/2013,1.79
3/11/2013,1.8
3/12/2013,1.76
3/13/2013,1.77
3/14/2013,1.77
3/15/2013,1.76
3/18/2013,1.7
3/19/2013,1.68
3/20/2013,1.7
3/21/2013,1.68
3/22/2013,1.67
3/25/2013,1.69
3/26/2013,1.67
3/27/2013,1.62
3/28/2013,1.62
3/29/2013,
4/1/2013,1.63
4/2/2013,1.63
4/3/2013,1.59
4/4/2013,1.56
4/5/2013,1.48
4/8/2013,1.52
4/9/2013,1.54
4/10/2013,1.6
4/11/2013,1.58
4/12/2013,1.53
4/15/2013,1.5
4/16/2013,1.51
4/17/2013,1.49
4/18/2013,1.48
4/19/2013,1.49
4/22/2013,1.48
4/23/2013,1.51
4/24/2013,1.5
4/25/2013,1.51
4/26/2013,1.48
4/29/2013,1.5
4/30/2013,1.48
5/1/2013,1.46
5/2/2013,1.46
5/3/2013,1.56
5/6/2013,1.58
5/7/2013,1.6
5/8/2013,1.59
5/9/2013,1.59
5/10/2013,1.64
5/13/2013,1.68
5/14/2013,1.7
5/15/2013,1.68
5/16/2013,1.64
5/17/2013,1.69
5/20/2013,1.71
5/21/2013,1.68
5/22/2013,1.77
5/23/2013,1.76
5/24/2013,1.75
5/27/2013,
5/28/2013,1.86
5/29/2013,1.83
5/30/2013,1.82
5/31/2013,1.86
6/3/2013,1.83
6/4/2013,1.82
6/5/2013,1.8
6/6/2013,1.78
6/7/2013,1.85
6/10/2013,1.9
6/11/2013,1.86
6/12/2013,1.91
6/13/2013,1.87
6/14/2013,1.85
6/17/2013,1.92
6/18/2013,1.93
6/19/2013,2.02
6/20/2013,2.08
6/21/2013,2.14
6/24/2013,2.15
6/25/2013,2.17
6/26/2013,2.16
6/27/2013,2.13
6/28/2013,2.16
7/1/2013,2.16
7/2/2013,2.14
7/3/2013,2.16
7/4/2013,
7/5/2013,2.33
7/8/2013,2.28
7/9/2013,2.28
7/10/2013,2.32
7/11/2013,2.26
7/12/2013,2.24
7/15/2013,2.23
7/16/2013,2.21
7/17/2013,2.2
7/18/2013,2.24
7/19/2013,2.18
7/22/2013,2.18
7/23/2013,2.2
7/24/2013,2.27
7/25/2013,2.29
7/26/2013,2.27
7/29/2013,2.28
7/30/2013,2.3
7/31/2013,2.29
8/1/2013,2.39
8/2/2013,2.33
8/5/2013,2.35
8/6/2013,2.35
8/7/2013,2.29
8/8/2013,2.28
8/9/2013,2.25
8/12/2013,2.29
8/13/2013,2.37
8/14/2013,2.37
8/15/2013,2.41
8/16/2013,2.48
8/19/2013,2.52
8/20/2013,2.46
8/21/2013,2.49
8/22/2013,2.48
8/23/2013,2.42
8/26/2013,2.38
8/27/2013,2.34
8/28/2013,2.38
8/29/2013,2.36
8/30/2013,2.39
9/2/2013,
9/3/2013,2.43
9/4/2013,2.44
9/5/2013,2.46
9/6/2013,2.48
9/9/2013,2.45
9/10/2013,2.46
9/11/2013,2.46
9/12/2013,2.47
9/13/2013,2.45
9/16/2013,2.47
9/17/2013,2.47
9/18/2013,2.35
9/19/2013,2.42
9/20/2013,2.41
9/23/2013,2.37
9/24/2013,2.32
9/25/2013,2.27
9/26/2013,2.32
9/27/2013,2.3
9/30/2013,2.31
10/1/2013,2.33
10/2/2013,2.32
10/3/2013,2.29
10/4/2013,2.33
10/7/2013,2.28
10/8/2013,2.26
10/9/2013,2.31
10/10/2013,2.36
10/11/2013,2.35
10/14/2013,
10/15/2013,2.38
10/16/2013,2.35
10/17/2013,2.28
10/18/2013,2.27
10/21/2013,2.3
10/22/2013,2.23
10/23/2013,2.2
10/24/2013,2.2
10/25/2013,2.21
10/28/2013,2.22
10/29/2013,2.22
10/30/2013,2.22
10/31/2013,2.26
11/1/2013,2.32
11/4/2013,2.31
11/5/2013,2.37
11/6/2013,2.37
11/7/2013,2.34
11/8/2013,2.45
11/11/2013,
11/12/2013,2.46
11/13/2013,2.43
11/14/2013,2.4
11/15/2013,2.4
11/18/2013,2.36
11/19/2013,2.42
11/20/2013,2.52
11/21/2013,2.5
11/22/2013,2.44
11/25/2013,2.44
11/26/2013,2.42
11/27/2013,2.46
11/28/2013,
11/29/2013,2.47
12/2/2013,2.51
12/3/2013,2.51
12/4/2013,2.54
12/5/2013,2.58
12/6/2013,2.58
12/9/2013,2.56
12/10/2013,2.51
12/11/2013,2.55
12/12/2013,2.55
12/13/2013,2.54
12/16/2013,2.55
12/17/2013,2.51
12/18/2013,2.57
12/19/2013,2.59
12/20/2013,2.52
12/23/2013,2.56
12/24/2013,2.61
12/25/2013,
12/26/2013,2.58
12/27/2013,2.62
12/30/2013,2.6
12/31/2013,2.66
1/1/2014,
1/2/2014,2.61
1/3/2014,2.6
1/6/2014,2.58
1/7/2014,2.56
1/8/2014,2.58
1/9/2014,2.53
1/10/2014,2.49
1/13/2014,2.45
1/14/2014,2.49
1/15/2014,2.49
1/16/2014,2.45
1/17/2014,2.44
1/20/2014,
1/21/2014,2.45
1/22/2014,2.43
1/23/2014,2.4
1/24/2014,2.38
1/27/2014,2.41
1/28/2014,2.39
1/29/2014,2.33
1/30/2014,2.36
1/31/2014,2.33
2/3/2014,2.31
2/4/2014,2.33
2/5/2014,2.38
2/6/2014,2.4
2/7/2014,2.41
2/10/2014,2.38
2/11/2014,2.4
2/12/2014,2.45
2/13/2014,2.41
2/14/2014,2.43
2/17/2014,
2/18/2014,2.4
2/19/2014,2.4
2/20/2014,2.42
2/21/2014,2.4
2/24/2014,2.4
2/25/2014,2.36
2/26/2014,2.34
2/27/2014,2.32
2/28/2014,2.33
3/3/2014,2.28
3/4/2014,2.37
3/5/2014,2.37
3/6/2014,2.37
3/7/2014,2.42
3/10/2014,2.42
3/11/2014,2.4
3/12/2014,2.36
3/13/2014,2.32
3/14/2014,2.29
3/17/2014,2.32
3/18/2014,2.32
3/19/2014,2.31
3/20/2014,2.34
3/21/2014,2.3
3/24/2014,2.27
3/25/2014,2.28
3/26/2014,2.26
3/27/2014,2.24
3/28/2014,2.28
3/31/2014,2.29
4/1/2014,2.33
4/2/2014,2.35
4/3/2014,2.34
4/4/2014,2.31
4/7/2014,2.3
4/8/2014,2.29
4/9/2014,2.34
4/10/2014,2.28
4/11/2014,2.26
4/14/2014,2.28
4/15/2014,2.25
4/16/2014,2.26
4/17/2014,2.3
4/18/2014,
4/21/2014,2.31
4/22/2014,2.28
4/23/2014,2.27
4/24/2014,2.27
4/25/2014,2.25
4/28/2014,2.26
4/29/2014,2.27
4/30/2014,2.25
5/1/2014,2.22
5/2/2014,2.18
5/5/2014,2.2
5/6/2014,2.18
5/7/2014,2.21
5/8/2014,2.21
5/9/2014,2.22
5/12/2014,2.25
5/13/2014,2.22
5/14/2014,2.15
5/15/2014,2.12
5/16/2014,2.14
5/19/2014,2.18
5/20/2014,2.17
5/21/2014,2.17
5/22/2014,2.19
5/23/2014,2.17
5/26/2014,
5/27/2014,2.13
5/28/2014,2.07
5/29/2014,2.08
5/30/2014,2.11
6/2/2014,2.15
6/3/2014,2.19
6/4/2014,2.2
6/5/2014,2.19
6/6/2014,2.19
6/9/2014,2.19
6/10/2014,2.19
6/11/2014,2.21
6/12/2014,2.16
6/13/2014,2.15
6/16/2014,2.12
6/17/2014,2.15
6/18/2014,2.13
6/19/2014,2.16
6/20/2014,2.13
6/23/2014,2.15
6/24/2014,2.1
6/25/2014,2.09
6/26/2014,2.07
6/27/2014,2.09
6/30/2014,2.06
7/1/2014,2.11
7/2/2014,2.15
7/3/2014,2.13
7/4/2014,
7/7/2014,2.11
7/8/2014,2.07
7/9/2014,2.06
7/10/2014,2.09
7/11/2014,2.05
7/14/2014,2.07
7/15/2014,2.07
7/16/2014,2.05
7/17/2014,2
7/18/2014,1.99
7/21/2014,1.98
7/22/2014,1.99
7/23/2014,1.98
7/24/2014,1.99
7/25/2014,1.95
7/28/2014,1.96
7/29/2014,1.93
7/30/2014,2.01
7/31/2014,2.05
8/1/2014,2.05
8/4/2014,2.04
8/5/2014,2.02
8/6/2014,2.01
8/7/2014,1.99
8/8/2014,1.99
8/11/2014,1.97
8/12/2014,2.01
8/13/2014,2
8/14/2014,1.98
8/15/2014,1.92
8/18/2014,1.95
8/19/2014,1.94
8/20/2014,1.94
8/21/2014,1.92
8/22/2014,1.87
8/25/2014,1.86
8/26/2014,1.87
8/27/2014,1.86
8/28/2014,1.84
8/29/2014,1.87
9/1/2014,
9/2/2014,1.89
9/3/2014,1.89
9/4/2014,1.91
9/5/2014,1.94
9/8/2014,1.94
9/9/2014,1.94
9/10/2014,1.96
9/11/2014,1.96
9/12/2014,2.04
9/15/2014,2.02
9/16/2014,2.05
9/17/2014,2.03
9/18/2014,2.04
9/19/2014,2
9/22/2014,1.99
9/23/2014,1.97
9/24/2014,1.98
9/25/2014,1.96
9/26/2014,1.95
9/29/2014,1.92
9/30/2014,1.94
10/1/2014,1.89
10/2/2014,1.91
10/3/2014,1.88
10/6/2014,1.89
10/7/2014,1.84
10/8/2014,1.89
10/9/2014,1.88
10/10/2014,1.86
10/13/2014,
10/14/2014,1.82
10/15/2014,1.81
10/16/2014,1.82
10/17/2014,1.83
10/20/2014,1.83
10/21/2014,1.85
10/22/2014,1.84
10/23/2014,1.88
10/24/2014,1.88
10/27/2014,1.86
10/28/2014,1.88
10/29/2014,1.86
10/30/2014,1.84
10/31/2014,1.85
11/3/2014,1.84
11/4/2014,1.83
11/5/2014,1.84
11/6/2014,1.85
11/7/2014,1.81
11/10/2014,1.83
11/11/2014,
11/12/2014,1.82
11/13/2014,1.82
11/14/2014,1.78
11/17/2014,1.8
11/18/2014,1.79
11/19/2014,1.82
11/20/2014,1.81
11/21/2014,1.78
11/24/2014,1.77
11/25/2014,1.76
11/26/2014,1.71
11/27/2014,
11/28/2014,1.71
12/1/2014,1.73
12/2/2014,1.73
12/3/2014,1.72
12/4/2014,1.7
12/5/2014,1.66
12/8/2014,1.62
12/9/2014,1.58
12/10/2014,1.59
12/11/2014,1.57
12/12/2014,1.54
12/15/2014,1.52
12/16/2014,1.49
12/17/2014,1.52
12/18/2014,1.55
12/19/2014,1.5
12/22/2014,1.46
12/23/2014,1.53
12/24/2014,1.54
12/25/2014,
12/26/2014,1.52
12/29/2014,1.5
12/30/2014,1.51
12/31/2014,1.5
1/1/2015,
1/2/2015,1.46
1/5/2015,1.36
1/6/2015,1.32
1/7/2015,1.34
1/8/2015,1.41
1/9/2015,1.39
1/12/2015,1.36
1/13/2015,1.37
1/14/2015,1.35
1/15/2015,1.33
1/16/2015,1.34
1/19/2015,
1/20/2015,1.29
1/21/2015,1.34
1/22/2015,1.37
1/23/2015,1.29
1/26/2015,1.29
1/27/2015,1.29
1/28/2015,1.23
1/29/2015,1.26
1/30/2015,1.21
2/2/2015,1.19
2/3/2015,1.27
2/4/2015,1.29
2/5/2015,1.31
2/6/2015,1.3
2/9/2015,1.31
2/10/2015,1.34
2/11/2015,1.33
2/12/2015,1.38
2/13/2015,1.36
2/16/2015,
2/17/2015,1.44
2/18/2015,1.45
2/19/2015,1.44
2/20/2015,1.46
2/23/2015,1.42
2/24/2015,1.39
2/25/2015,1.35
2/26/2015,1.37
2/27/2015,1.37
3/2/2015,1.42
3/3/2015,1.44
3/4/2015,1.46
3/5/2015,1.46
3/6/2015,1.51
3/9/2015,1.5
3/10/2015,1.44
3/11/2015,1.41
3/12/2015,1.43
3/13/2015,1.45
3/16/2015,1.44
3/17/2015,1.36
3/18/2015,1.36
3/19/2015,1.35
3/20/2015,1.33
3/23/2015,1.32
3/24/2015,1.3
3/25/2015,1.34
3/26/2015,1.4
3/27/2015,1.37
3/30/2015,1.38
3/31/2015,1.38
4/1/2015,1.32
4/2/2015,1.37
4/3/2015,1.36
4/6/2015,1.41
4/7/2015,1.37
4/8/2015,1.38
4/9/2015,1.41
4/10/2015,1.39
4/13/2015,1.4
4/14/2015,1.37
4/15/2015,1.4
4/16/2015,1.4
4/17/2015,1.36
4/20/2015,1.35
4/21/2015,1.37
4/22/2015,1.42
4/23/2015,1.41
4/24/2015,1.39
4/27/2015,1.4
4/28/2015,1.44
4/29/2015,1.5
4/30/2015,1.47
5/1/2015,1.52
5/4/2015,1.56
5/5/2015,1.57
5/6/2015,1.6
5/7/2015,1.55
5/8/2015,1.57
5/11/2015,1.66
5/12/2015,1.67
5/13/2015,1.68
5/14/2015,1.67
5/15/2015,1.59
5/18/2015,1.65
5/19/2015,1.64
5/20/2015,1.66
5/21/2015,1.59
5/22/2015,1.57
5/25/2015,
5/26/2015,1.5
5/27/2015,1.5
5/28/2015,1.51
5/29/2015,1.51
6/1/2015,1.55
6/2/2015,1.63
6/3/2015,1.69
6/4/2015,1.65
6/5/2015,1.68
6/8/2015,1.69
6/9/2015,1.7
6/10/2015,1.75
6/11/2015,1.66
6/12/2015,1.65
6/15/2015,1.64
6/16/2015,1.61
6/17/2015,1.65
6/18/2015,1.69
6/19/2015,1.61
6/22/2015,1.69
6/23/2015,1.72
6/24/2015,1.7
6/25/2015,1.72
6/26/2015,1.77
6/29/2015,1.69
6/30/2015,1.71
7/1/2015,1.74
7/2/2015,1.76
7/3/2015,
7/6/2015,1.7
7/7/2015,1.69
7/8/2015,1.67
7/9/2015,1.72
7/10/2015,1.77
7/13/2015,1.75
7/14/2015,1.75
7/15/2015,1.72
7/16/2015,1.69
7/17/2015,1.66
7/20/2015,1.67
7/21/2015,1.64
7/22/2015,1.58
7/23/2015,1.57
7/24/2015,1.57
7/27/2015,1.55
7/28/2015,1.57
7/29/2015,1.59
7/30/2015,1.56
7/31/2015,1.53
8/3/2015,1.48
8/4/2015,1.49
8/5/2015,1.55
8/6/2015,1.52
8/7/2015,1.45
8/10/2015,1.51
8/11/2015,1.47
8/12/2015,1.47
8/13/2015,1.47
8/14/2015,1.47
8/17/2015,1.44
8/18/2015,1.46
8/19/2015,1.45
8/20/2015,1.4
8/21/2015,1.41
8/24/2015,1.42
8/25/2015,1.45
8/26/2015,1.51
8/27/2015,1.5
8/28/2015,1.47
8/31/2015,1.47
9/1/2015,1.47
9/2/2015,1.48
9/3/2015,1.47
9/4/2015,1.42
9/7/2015,
9/8/2015,1.46
9/9/2015,1.46
9/10/2015,1.48
9/11/2015,1.49
9/14/2015,1.45
9/15/2015,1.46
9/16/2015,1.48
9/17/2015,1.51
9/18/2015,1.44
9/21/2015,1.48
9/22/2015,1.45
9/23/2015,1.46
9/24/2015,1.46
9/25/2015,1.47
9/28/2015,1.43
9/29/2015,1.41
9/30/2015,1.42
10/1/2015,1.41
10/2/2015,1.41
10/5/2015,1.46
10/6/2015,1.44
10/7/2015,1.43
10/8/2015,1.47
10/9/2015,1.47
10/12/2015,
10/13/2015,1.42
10/14/2015,1.42
10/15/2015,1.43
10/16/2015,1.43
10/19/2015,1.43
10/20/2015,1.42
10/21/2015,1.4
10/22/2015,1.43
10/23/2015,1.43
10/26/2015,1.41
10/27/2015,1.4
10/28/2015,1.37
10/29/2015,1.44
10/30/2015,1.41
11/2/2015,1.43
11/3/2015,1.43
11/4/2015,1.41
11/5/2015,1.41
11/6/2015,1.44
11/9/2015,1.47
11/10/2015,1.45
11/11/2015,
11/12/2015,1.43
11/13/2015,1.42
11/16/2015,1.39
11/17/2015,1.39
11/18/2015,1.37
11/19/2015,1.33
11/20/2015,1.33
11/23/2015,1.31
11/24/2015,1.31
11/25/2015,1.3
11/26/2015,
11/27/2015,1.3
11/30/2015,1.27
12/1/2015,1.24
12/2/2015,1.24
12/3/2015,1.37
12/4/2015,1.32
12/7/2015,1.29
12/8/2015,1.3
12/9/2015,1.29
12/10/2015,1.29
12/11/2015,1.25
12/14/2015,1.26
12/15/2015,1.3
12/16/2015,1.28
12/17/2015,1.24
12/18/2015,1.22
12/21/2015,1.24
12/22/2015,1.25
12/23/2015,1.26
12/24/2015,1.22
12/25/2015,
12/28/2015,1.19
12/29/2015,1.23
12/30/2015,1.23
12/31/2015,1.21
1/1/2016,
1/4/2016,1.22
1/5/2016,1.21
1/6/2016,1.19
1/7/2016,1.2
1/8/2016,1.19
1/11/2016,1.23
1/12/2016,1.19
1/13/2016,1.17
1/14/2016,1.2
1/15/2016,1.18
1/18/2016,
1/19/2016,1.18
1/20/2016,1.16
1/21/2016,1.18
1/22/2016,1.19
1/25/2016,1.15
1/26/2016,1.16
1/27/2016,1.18
1/28/2016,1.17
1/29/2016,1.18
2/1/2016,1.16
2/2/2016,1.12
2/3/2016,1.16
2/4/2016,1.17
2/5/2016,1.12
2/8/2016,1.09
2/9/2016,1.05
2/10/2016,1
2/11/2016,0.99
2/12/2016,1.03
2/15/2016,
2/16/2016,1.04
2/17/2016,1.07
2/18/2016,1.04
2/19/2016,1
2/22/2016,0.99
2/23/2016,0.98
2/24/2016,1
2/25/2016,0.99
2/26/2016,0.96
2/29/2016,0.96
3/1/2016,0.98
3/2/2016,0.99
3/3/2016,0.98
3/4/2016,1
3/7/2016,1
3/8/2016,0.95
3/9/2016,1
3/10/2016,1
3/11/2016,1.01
3/14/2016,1
3/15/2016,0.99
3/16/2016,1.07
3/17/2016,1.04
3/18/2016,1.04
3/21/2016,1.05
3/22/2016,1.03
3/23/2016,1.01
3/24/2016,1.02
3/25/2016,
3/28/2016,1
3/29/2016,1.03
3/30/2016,1.07
3/31/2016,1.05
4/1/2016,1.03
4/4/2016,1.03
4/5/2016,1.01
4/6/2016,1.03
4/7/2016,1
4/8/2016,1.02
4/11/2016,1.03
4/12/2016,1.05
4/13/2016,1.02
4/14/2016,1.03
4/15/2016,1.02
4/18/2016,1.03
4/19/2016,1.02
4/20/2016,1.05
4/21/2016,1.06
4/22/2016,1.05
4/25/2016,1.06
4/26/2016,1.08
4/27/2016,1.04
4/28/2016,1.06
4/29/2016,1.06
5/2/2016,1.08
5/3/2016,1.06
5/4/2016,1.04
5/5/2016,1.04
5/6/2016,1.05
5/9/2016,1.05
5/10/2016,1.05
5/11/2016,0.99
5/12/2016,0.99
5/13/2016,0.95
5/16/2016,0.96
5/17/2016,0.94
5/18/2016,0.97
5/19/2016,0.96
5/20/2016,0.96
5/23/2016,0.93
5/24/2016,0.94
5/25/2016,0.95
5/26/2016,0.96
5/27/2016,0.95
5/30/2016,
5/31/2016,0.97
6/1/2016,0.94
6/2/2016,0.92
6/3/2016,0.93
6/6/2016,0.93
6/7/2016,0.94
6/8/2016,0.93
6/9/2016,0.91
6/10/2016,0.91
6/13/2016,0.89
6/14/2016,0.88
6/15/2016,0.91
6/16/2016,0.87
6/17/2016,0.92
6/20/2016,0.93
6/21/2016,0.95
6/22/2016,0.94
6/23/2016,0.96
6/24/2016,0.93
6/27/2016,0.85
6/28/2016,0.85
6/29/2016,0.88
6/30/2016,0.91
7/1/2016,0.87
7/4/2016,
7/5/2016,0.81
7/6/2016,0.8
7/7/2016,0.82
7/8/2016,0.76
7/11/2016,0.77
7/12/2016,0.84
7/13/2016,0.8
7/14/2016,0.85
7/15/2016,0.89
7/18/2016,0.91
7/19/2016,0.86
7/20/2016,0.86
7/21/2016,0.87
7/22/2016,0.86
7/25/2016,0.86
7/26/2016,0.82
7/27/2016,0.79
7/28/2016,0.8
7/29/2016,0.79
8/1/2016,0.84
8/2/2016,0.88
8/3/2016,0.88
8/4/2016,0.87
8/5/2016,0.87
8/8/2016,0.85
8/9/2016,0.84
8/10/2016,0.81
8/11/2016,0.81
8/12/2016,0.8
8/15/2016,0.83
8/16/2016,0.81
8/17/2016,0.82
8/18/2016,0.82
8/19/2016,0.82
8/22/2016,0.79
8/23/2016,0.81
8/24/2016,0.8
8/25/2016,0.8
8/26/2016,0.78
8/29/2016,0.76
8/30/2016,0.77
8/31/2016,0.78
9/1/2016,0.79
9/2/2016,0.8
9/5/2016,
9/6/2016,0.81
9/7/2016,0.8
9/8/2016,0.83
9/9/2016,0.88
9/12/2016,0.89
9/13/2016,0.93
9/14/2016,0.93
9/15/2016,0.97
9/16/2016,0.93
9/19/2016,0.91
9/20/2016,0.9
9/21/2016,0.87
9/22/2016,0.84
9/23/2016,0.85
9/26/2016,0.83
9/27/2016,0.81
9/28/2016,0.82
9/29/2016,0.83
9/30/2016,0.83
10/3/2016,0.83
10/4/2016,0.87
10/5/2016,0.87
10/6/2016,0.89
10/7/2016,0.9
10/10/2016,
10/11/2016,0.9
10/12/2016,0.92
10/13/2016,0.9
10/14/2016,0.96
10/17/2016,0.96
10/18/2016,0.93
10/19/2016,0.95
10/20/2016,0.92
10/21/2016,0.9
10/24/2016,0.93
10/25/2016,0.91
10/26/2016,0.93
10/27/2016,0.98
10/28/2016,1
10/31/2016,0.98
11/1/2016,1
11/2/2016,1
11/3/2016,1.01
11/4/2016,0.99
11/7/2016,1.01
11/8/2016,1.01
11/9/2016,1.17
11/10/2016,1.23
11/11/2016,
11/14/2016,1.23
11/15/2016,1.21
11/16/2016,1.22
11/17/2016,1.25
11/18/2016,1.27
11/21/2016,1.25
11/22/2016,1.24
11/23/2016,1.24
11/24/2016,
11/25/2016,1.24
11/28/2016,1.21
11/29/2016,1.21
11/30/2016,1.26
12/1/2016,1.31
12/2/2016,1.29
12/5/2016,1.26
12/6/2016,1.27
12/7/2016,1.24
12/8/2016,1.28
12/9/2016,1.32
12/12/2016,1.34
12/13/2016,1.31
12/14/2016,1.27
12/15/2016,1.31
12/16/2016,1.32
12/19/2016,1.3
12/20/2016,1.32
12/21/2016,1.34
12/22/2016,1.33
12/23/2016,1.33
12/26/2016,
12/27/2016,1.29
12/28/2016,1.25
12/29/2016,1.27
12/30/2016,1.25
1/2/2017,
1/3/2017,1.23
1/4/2017,1.22
1/5/2017,1.2
1/6/2017,1.2
1/9/2017,1.17
1/10/2017,1.19
1/11/2017,1.18
1/12/2017,1.18
1/13/2017,1.19
1/16/2017,
1/17/2017,1.16
1/18/2017,1.19
1/19/2017,1.22
1/20/2017,1.28
1/23/2017,1.25
1/24/2017,1.26
1/25/2017,1.3
1/26/2017,1.3
1/27/2017,1.27
1/30/2017,1.27
1/31/2017,1.26
2/1/2017,1.26
2/2/2017,1.27
2/3/2017,1.28
2/6/2017,1.26
2/7/2017,1.24
2/8/2017,1.19
2/9/2017,1.2
2/10/2017,1.21
2/13/2017,1.23
2/14/2017,1.22
2/15/2017,1.24
2/16/2017,1.23
2/17/2017,1.21
2/20/2017,
2/21/2017,1.21
2/22/2017,1.2
2/23/2017,1.2
2/24/2017,1.19
2/27/2017,1.16
2/28/2017,1.14
3/1/2017,1.17
3/2/2017,1.17
3/3/2017,1.17
3/6/2017,1.18
3/7/2017,1.2
3/8/2017,1.21
3/9/2017,1.23
3/10/2017,1.22
3/13/2017,1.22
3/14/2017,1.2
3/15/2017,1.18
3/16/2017,1.18
3/17/2017,1.17
3/20/2017,1.17
3/21/2017,1.16
3/22/2017,1.13
3/23/2017,1.15
3/24/2017,1.14
3/27/2017,1.11
3/28/2017,1.12
3/29/2017,1.13
3/30/2017,1.14
3/31/2017,1.13
4/3/2017,1.11
4/4/2017,1.11
4/5/2017,1.1
4/6/2017,1.1
4/7/2017,1.09
4/10/2017,1.08
4/11/2017,1.08
4/12/2017,1.04
4/13/2017,1.03
4/14/2017,
4/17/2017,1.05
4/18/2017,1
4/19/2017,1.02
4/20/2017,1.03
4/21/2017,1.04
4/24/2017,1.03
4/25/2017,1.06
4/26/2017,1.04
4/27/2017,1.05
4/28/2017,1.01
5/1/2017,1.05
5/2/2017,1.02
5/3/2017,1.03
5/4/2017,1.04
5/5/2017,1.04
5/8/2017,1.06
5/9/2017,1.05
5/10/2017,1.06
5/11/2017,1.04
5/12/2017,1.04
5/15/2017,1.03
5/16/2017,1.04
5/17/2017,0.96
5/18/2017,0.96
5/19/2017,0.95
5/22/2017,0.96
5/23/2017,0.98
5/24/2017,0.97
5/25/2017,0.95
5/26/2017,0.95
5/29/2017,
5/30/2017,0.93
5/31/2017,0.93
6/1/2017,0.93
6/2/2017,0.87
6/5/2017,0.86
6/6/2017,0.84
6/7/2017,0.86
6/8/2017,0.86
6/9/2017,0.86
6/12/2017,0.86
6/13/2017,0.83
6/14/2017,0.8
6/15/2017,0.81
6/16/2017,0.84
6/19/2017,0.83
6/20/2017,0.8
6/21/2017,0.8
6/22/2017,0.81
6/23/2017,0.81
6/26/2017,0.78
6/27/2017,0.83
6/28/2017,0.88
6/29/2017,0.89
6/30/2017,0.93
7/3/2017,0.94
7/4/2017,
7/5/2017,0.92
7/6/2017,0.97
7/7/2017,0.99
7/10/2017,0.98
7/11/2017,1
7/12/2017,0.98
7/13/2017,0.98
7/14/2017,0.98
7/17/2017,0.95
7/18/2017,0.91
7/19/2017,0.9
7/20/2017,0.9
7/21/2017,0.88
7/24/2017,0.89
7/25/2017,0.93
7/26/2017,0.93
7/27/2017,0.96
7/28/2017,0.96
7/31/2017,0.96
8/1/2017,0.92
8/2/2017,0.91
8/3/2017,0.9
8/4/2017,0.91
8/7/2017,0.9
8/8/2017,0.93
8/9/2017,0.91
8/10/2017,0.87
8/11/2017,0.89
8/14/2017,0.89
8/15/2017,0.92
8/16/2017,0.9
8/17/2017,0.87
8/18/2017,0.86
8/21/2017,0.86
8/22/2017,0.89
8/23/2017,0.85
8/24/2017,0.86
8/25/2017,0.82
8/28/2017,0.83
8/29/2017,0.8
8/30/2017,0.82
8/31/2017,0.79
9/1/2017,0.81
9/4/2017,
9/5/2017,0.77
9/6/2017,0.8
9/7/2017,0.78
9/8/2017,0.79
9/11/2017,0.82
9/12/2017,0.84
9/13/2017,0.85
9/14/2017,0.83
9/15/2017,0.81
9/18/2017,0.83
9/19/2017,0.84
9/20/2017,0.83
9/21/2017,0.82
9/22/2017,0.8
9/25/2017,0.78
9/26/2017,0.79
9/27/2017,0.84
9/28/2017,0.86
9/29/2017,0.86
10/2/2017,0.85
10/3/2017,0.86
10/4/2017,0.86
10/5/2017,0.86
10/6/2017,0.83
10/9/2017,
10/10/2017,0.84
10/11/2017,0.84
10/12/2017,0.82
10/13/2017,0.77
10/16/2017,0.76
10/17/2017,0.76
10/18/2017,0.75
10/19/2017,0.75
10/20/2017,0.79
10/23/2017,0.8
10/24/2017,0.82
10/25/2017,0.83
10/26/2017,0.83
10/27/2017,0.83
10/30/2017,0.79
10/31/2017,0.78
11/1/2017,0.76
11/2/2017,0.74
11/3/2017,0.71
11/6/2017,0.71
11/7/2017,0.69
11/8/2017,0.67
11/9/2017,0.7
11/10/2017,0.73
11/13/2017,0.7
11/14/2017,0.7
11/15/2017,0.65
11/16/2017,0.65
11/17/2017,0.62
11/20/2017,0.6
11/21/2017,0.59
11/22/2017,0.58
11/23/2017,
11/24/2017,0.59
11/27/2017,0.58
11/28/2017,0.59
11/29/2017,0.59
11/30/2017,0.64
12/1/2017,0.59
12/4/2017,0.57
12/5/2017,0.53
12/6/2017,0.55
12/7/2017,0.57
12/8/2017,0.58
12/11/2017,0.57
12/12/2017,0.57
12/13/2017,0.57
12/14/2017,0.53
12/15/2017,0.51
12/18/2017,0.55
12/19/2017,0.59
12/20/2017,0.62
12/21/2017,0.59
12/22/2017,0.57
12/25/2017,
12/26/2017,0.55
12/27/2017,0.53
12/28/2017,0.52
12/29/2017,0.51
1/1/2018,
1/2/2018,0.54
1/3/2018,0.5
1/4/2018,0.5
1/5/2018,0.51
1/8/2018,0.53
1/9/2018,0.57
1/10/2018,0.57
1/11/2018,0.56
1/12/2018,0.56
1/15/2018,
1/16/2018,0.51
1/17/2018,0.52
1/18/2018,0.57
1/19/2018,0.58
1/22/2018,0.58
1/23/2018,0.57
1/24/2018,0.57
1/25/2018,0.55
1/26/2018,0.53
1/29/2018,0.59
1/30/2018,0.6
1/31/2018,0.58
2/1/2018,0.62
2/2/2018,0.69
2/5/2018,0.69
2/6/2018,0.69
2/7/2018,0.69
2/8/2018,0.72
2/9/2018,0.78
2/12/2018,0.77
2/13/2018,0.73
2/14/2018,0.74
2/15/2018,0.71
2/16/2018,0.66
2/19/2018,
2/20/2018,0.63
2/21/2018,0.68
2/22/2018,0.67
2/23/2018,0.63
2/26/2018,0.64
2/27/2018,0.63
2/28/2018,0.62
3/1/2018,0.59
3/2/2018,0.61
3/5/2018,0.64
3/6/2018,0.63
3/7/2018,0.64
3/8/2018,0.61
3/9/2018,0.63
3/12/2018,0.6
3/13/2018,0.58
3/14/2018,0.55
3/15/2018,0.53
3/16/2018,0.54
3/19/2018,0.54
3/20/2018,0.55
3/21/2018,0.58
3/22/2018,0.54
3/23/2018,0.54
3/26/2018,0.52
3/27/2018,0.52
3/28/2018,0.49
3/29/2018,0.47
3/30/2018,
4/2/2018,0.48
4/3/2018,0.51
4/4/2018,0.51
4/5/2018,0.53
4/6/2018,0.5
4/9/2018,0.49
4/10/2018,0.48
4/11/2018,0.47
4/12/2018,0.49
4/13/2018,0.45
4/16/2018,0.44
4/17/2018,0.41
4/18/2018,0.45
4/19/2018,0.48
4/20/2018,0.5
4/23/2018,0.49
4/24/2018,0.52
4/25/2018,0.54
4/26/2018,0.51
4/27/2018,0.47
4/30/2018,0.46
5/1/2018,0.47
5/2/2018,0.48
5/3/2018,0.45
5/4/2018,0.44
5/7/2018,0.46
5/8/2018,0.46
5/9/2018,0.46
5/10/2018,0.43
5/11/2018,0.43
5/14/2018,0.45
5/15/2018,0.5
5/16/2018,0.51
5/17/2018,0.54
5/18/2018,0.51
5/21/2018,0.48
5/22/2018,0.47
5/23/2018,0.48
5/24/2018,0.48
5/25/2018,0.45
5/28/2018,
5/29/2018,0.45
5/30/2018,0.42
5/31/2018,0.43
6/1/2018,0.42
6/4/2018,0.42
6/5/2018,0.43
6/6/2018,0.45
6/7/2018,0.43
6/8/2018,0.43
6/11/2018,0.44
6/12/2018,0.42
6/13/2018,0.39
6/14/2018,0.35
6/15/2018,0.38
6/18/2018,0.36
6/19/2018,0.35
6/20/2018,0.37
6/21/2018,0.34
6/22/2018,0.34
6/25/2018,0.33
6/26/2018,0.35
6/27/2018,0.31
6/28/2018,0.32
6/29/2018,0.33
7/2/2018,0.3
7/3/2018,0.3
7/4/2018,
7/5/2018,0.29
7/6/2018,0.29
7/9/2018,0.29
7/10/2018,0.28
7/11/2018,0.27
7/12/2018,0.25
7/13/2018,0.24
7/16/2018,0.26
7/17/2018,0.24
7/18/2018,0.28
7/19/2018,0.24
7/20/2018,0.29
7/23/2018,0.32
7/24/2018,0.32
7/25/2018,0.28
7/26/2018,0.29
7/27/2018,0.29
7/30/2018,0.32
7/31/2018,0.29
8/1/2018,0.33
8/2/2018,0.32
8/3/2018,0.32
8/6/2018,0.3
8/7/2018,0.3
8/8/2018,0.28
8/9/2018,0.29
8/10/2018,0.26
8/13/2018,0.27
8/14/2018,0.26
8/15/2018,0.25
8/16/2018,0.24
8/17/2018,0.26
8/20/2018,0.22
8/21/2018,0.24
8/22/2018,0.22
8/23/2018,0.21
8/24/2018,0.19
8/27/2018,0.18
8/28/2018,0.21
8/29/2018,0.22
8/30/2018,0.22
8/31/2018,0.24
9/3/2018,
9/4/2018,0.24
9/5/2018,0.24
9/6/2018,0.24
9/7/2018,0.23
9/10/2018,0.21
9/11/2018,0.22
9/12/2018,0.23
9/13/2018,0.21
9/14/2018,0.21
9/17/2018,0.21
9/18/2018,0.24
9/19/2018,0.27
9/20/2018,0.26
9/21/2018,0.26
9/24/2018,0.25
9/25/2018,0.27
9/26/2018,0.23
9/27/2018,0.23
9/28/2018,0.24
10/1/2018,0.27
10/2/2018,0.23
10/3/2018,0.3
10/4/2018,0.32
10/5/2018,0.35
10/8/2018,
10/9/2018,0.33
10/10/2018,0.34
10/11/2018,0.29
10/12/2018,0.3
10/15/2018,0.31
10/16/2018,0.29
10/17/2018,0.3
10/18/2018,0.3
10/19/2018,0.28
10/22/2018,0.28
10/23/2018,0.28
10/24/2018,0.26
10/25/2018,0.28
10/26/2018,0.27
10/29/2018,0.27
10/30/2018,0.28
10/31/2018,0.28
11/1/2018,0.3
11/2/2018,0.31
11/5/2018,0.29
11/6/2018,0.29
11/7/2018,0.26
11/8/2018,0.26
11/9/2018,0.25
11/12/2018,
11/13/2018,0.25
11/14/2018,0.26
11/15/2018,0.25
11/16/2018,0.27
11/19/2018,0.27
11/20/2018,0.27
11/21/2018,0.25
11/22/2018,
11/23/2018,0.24
11/26/2018,0.23
11/27/2018,0.23
11/28/2018,0.25
11/29/2018,0.22
11/30/2018,0.21
12/3/2018,0.15
12/4/2018,0.11
12/5/2018,
12/6/2018,0.12
12/7/2018,0.13
12/10/2018,0.13
12/11/2018,0.11
12/12/2018,0.14
12/13/2018,0.16
12/14/2018,0.16
12/17/2018,0.16
12/18/2018,0.17
12/19/2018,0.14
12/20/2018,0.12
12/21/2018,0.16
12/24/2018,0.19
12/25/2018,
12/26/2018,0.2
12/27/2018,0.21
12/28/2018,0.2
12/31/2018,0.21
1/1/2019,
1/2/2019,0.16
1/3/2019,0.17
1/4/2019,0.17
1/7/2019,0.17
1/8/2019,0.15
1/9/2019,0.18
1/10/2019,0.18
1/11/2019,0.16
1/14/2019,0.18
1/15/2019,0.19
1/16/2019,0.18
1/17/2019,0.19
1/18/2019,0.17
1/21/2019,
1/22/2019,0.16
1/23/2019,0.18
1/24/2019,0.16
1/25/2019,0.16
1/28/2019,0.15
1/29/2019,0.16
1/30/2019,0.18
1/31/2019,0.18
2/1/2019,0.18
2/4/2019,0.2
2/5/2019,0.18
2/6/2019,0.18
2/7/2019,0.17
2/8/2019,0.18
2/11/2019,0.17
2/12/2019,0.18
2/13/2019,0.18
2/14/2019,0.16
2/15/2019,0.14
2/18/2019,
2/19/2019,0.15
2/20/2019,0.15
2/21/2019,0.16
2/22/2019,0.17
2/25/2019,0.16
2/26/2019,0.16
2/27/2019,0.19
2/28/2019,0.21
3/1/2019,0.21
3/4/2019,0.17
3/5/2019,0.17
3/6/2019,0.17
3/7/2019,0.17
3/8/2019,0.17
3/11/2019,0.17
3/12/2019,0.16
3/13/2019,0.16
3/14/2019,0.17
3/15/2019,0.16
3/18/2019,0.15
3/19/2019,0.15
3/20/2019,0.14
3/21/2019,0.13
3/22/2019,0.13
3/25/2019,0.17
3/26/2019,0.17
3/27/2019,0.17
3/28/2019,0.16
3/29/2019,0.14
4/1/2019,0.16
4/2/2019,0.18
4/3/2019,0.19
4/4/2019,0.18
4/5/2019,0.15
4/8/2019,0.16
4/9/2019,0.16
4/10/2019,0.17
4/11/2019,0.16
4/12/2019,0.16
4/15/2019,0.15
4/16/2019,0.19
4/17/2019,0.19
4/18/2019,0.19
4/19/2019,
4/22/2019,0.21
4/23/2019,0.21
4/24/2019,0.21
4/25/2019,0.21
4/26/2019,0.23
4/29/2019,0.24
4/30/2019,0.24
5/1/2019,0.21
5/2/2019,0.2
5/3/2019,0.21
5/6/2019,0.2
5/7/2019,0.17
5/8/2019,0.19
5/9/2019,0.19
5/10/2019,0.21
5/13/2019,0.22
5/14/2019,0.22
5/15/2019,0.21
5/16/2019,0.2
5/17/2019,0.19
5/20/2019,0.2
5/21/2019,0.17
5/22/2019,0.16
5/23/2019,0.19
5/24/2019,0.16
5/27/2019,
5/28/2019,0.14
5/29/2019,0.16
5/30/2019,0.16
5/31/2019,0.19
6/3/2019,0.25
6/4/2019,0.24
6/5/2019,0.29
6/6/2019,0.24
6/7/2019,0.24
6/10/2019,0.25
6/11/2019,0.22
6/12/2019,0.25
6/13/2019,0.27
6/14/2019,0.25
6/17/2019,0.23
6/18/2019,0.2
6/19/2019,0.29
6/20/2019,0.29
6/21/2019,0.3
6/24/2019,0.3
6/25/2019,0.29
6/26/2019,0.28
6/27/2019,0.27
6/28/2019,0.25
7/1/2019,0.25
7/2/2019,0.21
7/3/2019,0.19
7/4/2019,
7/5/2019,0.17
7/8/2019,0.17
7/9/2019,0.15
7/10/2019,0.25
7/11/2019,0.28
7/12/2019,0.28
7/15/2019,0.26
7/16/2019,0.26
7/17/2019,0.23
7/18/2019,0.27
7/19/2019,0.25
7/22/2019,0.25
7/23/2019,0.25
7/24/2019,0.22
7/25/2019,0.22
7/26/2019,0.22
7/29/2019,0.21
7/30/2019,0.21
7/31/2019,0.13
8/1/2019,0.17
8/2/2019,0.14
8/5/2019,0.16
8/6/2019,0.13
8/7/2019,0.12
8/8/2019,0.1
8/9/2019,0.11
8/12/2019,0.07
8/13/2019,0.02
8/14/2019,0.01
8/15/2019,0.04
8/16/2019,0.07
8/19/2019,0.07
8/20/2019,0.05
8/21/2019,0.03
8/22/2019,0.01
8/23/2019,0.01
8/26/2019,0
8/27/2019,-0.04
8/28/2019,-0.03
8/29/2019,-0.03
8/30/2019,0
9/2/2019,
9/3/2019,0
9/4/2019,0.04
9/5/2019,0.02
9/6/2019,0.02
9/9/2019,0.05
9/10/2019,0.05
9/11/2019,0.07
9/12/2019,0.07
9/13/2019,0.11
9/16/2019,0.1
9/17/2019,0.09
9/18/2019,0.03
9/19/2019,0.05
9/20/2019,0.05
9/23/2019,0.04
9/24/2019,0.04
9/25/2019,0.05
9/26/2019,0.04
9/27/2019,0.06
9/30/2019,0.05
10/1/2019,0.09
10/2/2019,0.12
10/3/2019,0.15
10/4/2019,0.12
10/7/2019,0.1
10/8/2019,0.12
10/9/2019,0.12
10/10/2019,0.14
10/11/2019,0.13
10/14/2019,
10/15/2019,0.16
10/16/2019,0.17
10/17/2019,0.16
10/18/2019,0.18
10/21/2019,0.18
10/22/2019,0.18
10/23/2019,0.19
10/24/2019,0.19
10/25/2019,0.17
10/28/2019,0.21
10/29/2019,0.2
10/30/2019,0.17
10/31/2019,0.17
11/1/2019,0.17
11/4/2019,0.19
11/5/2019,0.23
11/6/2019,0.2
11/7/2019,0.24
11/8/2019,0.26
11/11/2019,
11/12/2019,0.26
11/13/2019,0.25
11/14/2019,0.24
11/15/2019,0.23
11/18/2019,0.21
11/19/2019,0.19
11/20/2019,0.17
11/21/2019,0.17
11/22/2019,0.16
11/25/2019,0.15
11/26/2019,0.16
11/27/2019,0.14
11/28/2019,
11/29/2019,0.17
12/2/2019,0.22
12/3/2019,0.19
12/4/2019,0.19
12/5/2019,0.22
12/6/2019,0.23
12/9/2019,0.2
12/10/2019,0.2
12/11/2019,0.18
12/12/2019,0.24
12/13/2019,0.21
12/16/2019,0.24
12/17/2019,0.26
12/18/2019,0.29
12/19/2019,0.3
12/20/2019,0.29
12/23/2019,0.29
12/24/2019,0.28
12/25/2019,
12/26/2019,0.26
12/27/2019,0.29
12/30/2019,0.32
12/31/2019,0.34
1/1/2020,
1/2/2020,0.3
1/3/2020,0.27
1/6/2020,0.27
1/7/2020,0.29
1/8/2020,0.29
1/9/2020,0.27
1/10/2020,0.27
1/13/2020,0.27
1/14/2020,0.24
1/15/2020,0.23
1/16/2020,0.23
1/17/2020,0.26
1/20/2020,
1/21/2020,0.25
1/22/2020,0.24
1/23/2020,0.23
1/24/2020,0.21
1/27/2020,0.17
1/28/2020,0.2
1/29/2020,0.18
1/30/2020,0.16
1/31/2020,0.18
2/3/2020,0.18
2/4/2020,0.2
2/5/2020,0.22
2/6/2020,0.21
2/7/2020,0.18
2/10/2020,0.19
2/11/2020,0.18
2/12/2020,0.18
2/13/2020,0.17
2/14/2020,0.17
2/17/2020,
2/18/2020,0.14
2/19/2020,0.14
2/20/2020,0.13
2/21/2020,0.12
2/24/2020,0.12
2/25/2020,0.13
2/26/2020,0.17
2/27/2020,0.19
2/28/2020,0.27
3/2/2020,0.26
3/3/2020,0.31
3/4/2020,0.35
3/5/2020,0.33
3/6/2020,0.25
3/9/2020,0.16
3/10/2020,0.26
3/11/2020,0.32
3/12/2020,0.38
3/13/2020,0.45
3/16/2020,0.37
3/17/2020,0.55
3/18/2020,0.64
3/19/2020,0.68
3/20/2020,0.55
3/23/2020,0.48
3/24/2020,0.46
3/25/2020,0.54
3/26/2020,0.53
3/27/2020,0.47
3/30/2020,0.47
3/31/2020,0.47
4/1/2020,0.39
4/2/2020,0.4
4/3/2020,0.39
4/6/2020,0.4
4/7/2020,0.47
4/8/2020,0.5
4/9/2020,0.5
4/10/2020,
4/13/2020,0.51
4/14/2020,0.53
4/15/2020,0.43
4/16/2020,0.41
4/17/2020,0.45
4/20/2020,0.43
4/21/2020,0.38
4/22/2020,0.41
4/23/2020,0.39
4/24/2020,0.38
4/27/2020,0.43
4/28/2020,0.42
4/29/2020,0.43
4/30/2020,0.44
5/1/2020,0.44
5/4/2020,0.45
5/5/2020,0.47
5/6/2020,0.55
5/7/2020,0.5
5/8/2020,0.53
5/11/2020,0.56
5/12/2020,0.52
5/13/2020,0.48
5/14/2020,0.47
5/15/2020,0.48
5/18/2020,0.55
5/19/2020,0.53
5/20/2020,0.52
5/21/2020,0.51
5/22/2020,0.49
5/25/2020,
5/26/2020,0.51
5/27/2020,0.49
5/28/2020,0.53
5/29/2020,0.49
6/1/2020,0.52
6/2/2020,0.51
6/3/2020,0.58
6/4/2020,0.63
6/5/2020,0.69
6/8/2020,0.66
6/9/2020,0.64
6/10/2020,0.58
6/11/2020,0.47
6/12/2020,0.52
6/15/2020,0.52
6/16/2020,0.54
6/17/2020,0.55
6/18/2020,0.52
6/19/2020,0.51
6/22/2020,0.52
6/23/2020,0.54
6/24/2020,0.5
6/25/2020,0.51
6/26/2020,0.47
6/29/2020,0.48
6/30/2020,0.5
7/1/2020,0.52
7/2/2020,0.52
7/3/2020,
7/6/2020,0.53
7/7/2020,0.49
7/8/2020,0.51
7/9/2020,0.46
7/10/2020,0.49
7/13/2020,0.48
7/14/2020,0.49
7/15/2020,0.48
7/16/2020,0.46
7/17/2020,0.5
7/20/2020,0.46
7/21/2020,0.47
7/22/2020,0.46
7/23/2020,0.43
7/24/2020,0.45
7/27/2020,0.47
7/28/2020,0.45
7/29/2020,0.46
7/30/2020,0.44
7/31/2020,0.44
8/3/2020,0.45
8/4/2020,0.41
8/5/2020,0.44
8/6/2020,0.44
8/7/2020,0.44
8/10/2020,0.45
8/11/2020,0.48
8/12/2020,0.53
8/13/2020,0.55
8/14/2020,0.57
8/17/2020,0.55
8/18/2020,0.53
8/19/2020,0.54
8/20/2020,0.52
8/21/2020,0.48
8/24/2020,0.51
8/25/2020,0.54
8/26/2020,0.53
8/27/2020,0.58
8/28/2020,0.6
8/31/2020,0.58
9/1/2020,0.55
9/2/2020,0.52
9/3/2020,0.5
9/4/2020,0.58
9/7/2020,
9/8/2020,0.55
9/9/2020,0.57
9/10/2020,0.54
9/11/2020,0.54
9/14/2020,0.54
9/15/2020,0.54
9/16/2020,0.55
9/17/2020,0.56
9/18/2020,0.56
9/21/2020,0.54
9/22/2020,0.55
9/23/2020,0.54
9/24/2020,0.53
9/25/2020,0.54
9/28/2020,0.53
9/29/2020,0.55
9/30/2020,0.56
10/1/2020,0.54
10/2/2020,0.57
10/5/2020,0.64
10/6/2020,0.62
10/7/2020,0.65
10/8/2020,0.65
10/9/2020,0.63
10/12/2020,
10/13/2020,0.58
10/14/2020,0.59
10/15/2020,0.6
10/16/2020,0.62
10/19/2020,0.62
10/20/2020,0.67
10/21/2020,0.69
10/22/2020,0.71
10/23/2020,0.67
10/26/2020,0.65
10/27/2020,0.63
10/28/2020,0.63
10/29/2020,0.69
10/30/2020,0.74
11/2/2020,0.71
11/3/2020,0.73
11/4/2020,0.64
11/5/2020,0.65
11/6/2020,0.67
11/9/2020,0.79
11/10/2020,0.79
11/11/2020,
11/12/2020,0.71
11/13/2020,0.72
11/16/2020,0.72
11/17/2020,0.69
11/18/2020,0.72
11/19/2020,0.68
11/20/2020,0.67
11/23/2020,0.7
11/24/2020,0.72
11/25/2020,0.71
11/26/2020,
11/27/2020,0.68
11/30/2020,0.68
12/1/2020,0.75
12/2/2020,0.79
12/3/2020,0.76
12/4/2020,0.81
12/7/2020,0.8
12/8/2020,0.78
12/9/2020,0.79
12/10/2020,0.78
12/11/2020,0.79
12/14/2020,0.77
12/15/2020,0.81
12/16/2020,0.79
12/17/2020,0.81
12/18/2020,0.82
12/21/2020,0.82
12/22/2020,0.8
12/23/2020,0.83
12/24/2020,0.81
12/25/2020,
12/28/2020,0.81
12/29/2020,0.82
12/30/2020,0.81
12/31/2020,0.8
1/1/2021,
1/4/2021,0.82
1/5/2021,0.83
1/6/2021,0.9
1/7/2021,0.94
1/8/2021,0.99
1/11/2021,1.01
1/12/2021,1.01
1/13/2021,0.96
1/14/2021,0.99
1/15/2021,0.98
1/18/2021,
1/19/2021,0.96
1/20/2021,0.97
1/21/2021,0.99
1/22/2021,0.97
1/25/2021,0.92
1/26/2021,0.94
1/27/2021,0.92
1/28/2021,0.95
1/29/2021,1
2/1/2021,0.98
2/2/2021,1.01
2/3/2021,1.04
2/4/2021,1.04
2/5/2021,1.1
2/8/2021,1.08
2/9/2021,1.07
2/10/2021,1.04
2/11/2021,1.05
2/12/2021,1.09
2/15/2021,
2/16/2021,1.17
2/17/2021,1.18
2/18/2021,1.18
2/19/2021,1.23
2/22/2021,1.26
2/23/2021,1.26
2/24/2021,1.26
2/25/2021,1.37
2/26/2021,1.3
3/1/2021,1.32
3/2/2021,1.29
3/3/2021,1.33
3/4/2021,1.4
3/5/2021,1.42
3/8/2021,1.42
3/9/2021,1.38
3/10/2021,1.37
3/11/2021,1.4
3/12/2021,1.5
3/15/2021,1.48
3/16/2021,1.47
3/17/2021,1.5
3/18/2021,1.55
3/19/2021,1.58
3/22/2021,1.54
3/23/2021,1.48
3/24/2021,1.48
3/25/2021,1.49
3/26/2021,1.53
3/29/2021,1.59
3/30/2021,1.57
3/31/2021,1.58
4/1/2021,1.52
4/2/2021,1.53
4/5/2021,1.56
4/6/2021,1.51
4/7/2021,1.52
4/8/2021,1.5
4/9/2021,1.51
4/12/2021,1.51
4/13/2021,1.48
4/14/2021,1.48
4/15/2021,1.4
4/16/2021,1.43
4/19/2021,1.45
4/20/2021,1.43
4/21/2021,1.42
4/22/2021,1.41
4/23/2021,1.42
4/26/2021,1.4
4/27/2021,1.46
4/28/2021,1.46
4/29/2021,1.49
4/30/2021,1.49
5/3/2021,1.47
5/4/2021,1.45
5/5/2021,1.43
5/6/2021,1.42
5/7/2021,1.46
5/10/2021,1.47
5/11/2021,1.48
5/12/2021,1.53
5/13/2021,1.5
5/14/2021,1.47
5/17/2021,1.48
5/18/2021,1.48
5/19/2021,1.52
5/20/2021,1.48
5/21/2021,1.46
5/24/2021,1.46
5/25/2021,1.41
5/26/2021,1.44
5/27/2021,1.47
5/28/2021,1.44
5/31/2021,
6/1/2021,1.46
6/2/2021,1.46
6/3/2021,1.47
6/4/2021,1.42
6/7/2021,1.41
6/8/2021,1.39
6/9/2021,1.34
6/10/2021,1.31
6/11/2021,1.31
6/14/2021,1.35
6/15/2021,1.35
6/16/2021,1.36
6/17/2021,1.29
6/18/2021,1.19
6/21/2021,1.23
6/22/2021,1.23
6/23/2021,1.24
6/24/2021,1.23
6/25/2021,1.26
6/28/2021,1.24
6/29/2021,1.22
6/30/2021,1.2
7/1/2021,1.23
7/2/2021,1.2
7/5/2021,
7/6/2021,1.15
7/7/2021,1.11
7/8/2021,1.11
7/9/2021,1.14
7/12/2021,1.15
7/13/2021,1.16
7/14/2021,1.14
7/15/2021,1.08
7/16/2021,1.06
7/19/2021,0.98
7/20/2021,1.03
7/21/2021,1.08
7/22/2021,1.07
7/23/2021,1.08
7/26/2021,1.07
7/27/2021,1.05
7/28/2021,1.06
7/29/2021,1.08
7/30/2021,1.05
8/2/2021,1.03
8/3/2021,1.02
8/4/2021,1.02
8/5/2021,1.02
8/6/2021,1.1
8/9/2021,1.1
8/10/2021,1.12
8/11/2021,1.12
8/12/2021,1.13
8/13/2021,1.06
8/16/2021,1.05
8/17/2021,1.03
8/18/2021,1.04
8/19/2021,1.02
8/20/2021,1.03
8/23/2021,1.02
8/24/2021,1.05
8/25/2021,1.12
8/26/2021,1.09
8/27/2021,1.09
8/30/2021,1.09
8/31/2021,1.1
9/1/2021,1.11
9/2/2021,1.09
9/3/2021,1.12
9/6/2021,
9/7/2021,1.16
9/8/2021,1.13
9/9/2021,1.07
9/10/2021,1.12
9/13/2021,1.12
9/14/2021,1.07
9/15/2021,1.1
9/16/2021,1.11
9/17/2021,1.14
9/20/2021,1.08
9/21/2021,1.11
9/22/2021,1.07
9/23/2021,1.14
9/24/2021,1.18
9/27/2021,1.17
9/28/2021,1.23
9/29/2021,1.25
9/30/2021,1.24
10/1/2021,1.21
10/4/2021,1.22
10/5/2021,1.26
10/6/2021,1.23
10/7/2021,1.26
10/8/2021,1.29
10/11/2021,
10/12/2021,1.24
10/13/2021,1.19
10/14/2021,1.16
10/15/2021,1.18
10/18/2021,1.15
10/19/2021,1.24
10/20/2021,1.25
10/21/2021,1.23
10/22/2021,1.18
10/25/2021,1.17
10/26/2021,1.16
10/27/2021,1.04
10/28/2021,1.07
10/29/2021,1.07
11/1/2021,1.08
11/2/2021,1.1
11/3/2021,1.13
11/4/2021,1.12
11/5/2021,1.06
11/8/2021,1.06
11/9/2021,1.05
11/10/2021,1.05
11/11/2021,
11/12/2021,1.05
11/15/2021,1.1
11/16/2021,1.09
11/17/2021,1.08
11/18/2021,1.07
11/19/2021,1.02
11/22/2021,1
11/23/2021,1.07
11/24/2021,1
11/25/2021,
11/26/2021,0.98
11/29/2021,1.01
11/30/2021,0.91
12/1/2021,0.87
12/2/2021,0.81
12/3/2021,0.75
12/6/2021,0.78
12/7/2021,0.78
12/8/2021,0.84
12/9/2021,0.79
12/10/2021,0.81
12/13/2021,0.76
12/14/2021,0.77
12/15/2021,0.78
12/16/2021,0.8
12/17/2021,0.75
12/20/2021,0.78
12/21/2021,0.78
12/22/2021,0.78
12/23/2021,0.79
12/24/2021,
12/27/2021,0.72
12/28/2021,0.75
12/29/2021,0.8
12/30/2021,0.79
12/31/2021,0.79
1/3/2022,0.85
1/4/2022,0.89
1/5/2022,0.88
1/6/2022,0.85
1/7/2022,0.89
1/10/2022,0.86
1/11/2022,0.85
1/12/2022,0.82
1/13/2022,0.79
1/14/2022,0.79
1/17/2022,
1/18/2022,0.81
1/19/2022,0.79
1/20/2022,0.75
1/21/2022,0.74
1/24/2022,0.76
1/25/2022,0.76
1/26/2022,0.72
1/27/2022,0.63
1/28/2022,0.63
1/31/2022,0.61
2/1/2022,0.63
2/2/2022,0.62
2/3/2022,0.63
2/4/2022,0.62
2/7/2022,0.62
2/8/2022,0.61
2/9/2022,0.58
2/10/2022,0.42
2/11/2022,0.42
2/14/2022,0.4
2/15/2022,0.47
2/16/2022,0.51
2/17/2022,0.48
2/18/2022,0.45
2/21/2022,
2/22/2022,0.38
2/23/2022,0.41
2/24/2022,0.42
2/25/2022,0.42
2/28/2022,0.39
3/1/2022,0.41
3/2/2022,0.36
3/3/2022,0.33
3/4/2022,0.24
3/7/2022,0.23
3/8/2022,0.23
3/9/2022,0.26
3/10/2022,0.26
3/11/2022,0.25
3/14/2022,0.27
3/15/2022,0.3
3/16/2022,0.24
3/17/2022,0.26
3/18/2022,0.17
3/21/2022,0.18
3/22/2022,0.2
3/23/2022,0.19
3/24/2022,0.21
3/25/2022,0.18
3/28/2022,0.11
3/29/2022,0.06
3/30/2022,0.04
3/31/2022,0.04
4/1/2022,-0.05
4/4/2022,-0.01
4/5/2022,0.03
4/6/2022,0.11
4/7/2022,0.19
4/8/2022,0.19
4/11/2022,0.29
4/12/2022,0.33
4/13/2022,0.33
4/14/2022,0.36
4/15/2022,
4/18/2022,0.39
4/19/2022,0.32
4/20/2022,0.25
4/21/2022,0.22
4/22/2022,0.18
4/25/2022,0.18
4/26/2022,0.23
4/27/2022,0.24
4/28/2022,0.22
4/29/2022,0.19
5/2/2022,0.26
5/3/2022,0.19
5/4/2022,0.27
5/5/2022,0.34
5/6/2022,0.4
5/9/2022,0.44
5/10/2022,0.37
5/11/2022,0.25
5/12/2022,0.28
5/13/2022,0.32
5/16/2022,0.3
5/17/2022,0.27
5/18/2022,0.21
5/19/2022,0.21
5/20/2022,0.18
5/23/2022,0.21
5/24/2022,0.26
5/25/2022,0.27
5/26/2022,0.29
5/27/2022,0.27
5/30/2022,
5/31/2022,0.32
6/1/2022,0.28
6/2/2022,0.27
6/3/2022,0.3
6/6/2022,0.31
6/7/2022,0.23
6/8/2022,0.25
6/9/2022,0.21
6/10/2022,0.09
6/13/2022,0.03
6/14/2022,0.04
6/15/2022,0.13
6/16/2022,0.14
6/17/2022,0.08
6/20/2022,
6/21/2022,0.1
6/22/2022,0.1
6/23/2022,0.08
6/24/2022,0.09
6/27/2022,0.12
6/28/2022,0.1
6/29/2022,0.04
6/30/2022,0.06
7/1/2022,0.04
7/4/2022,
7/5/2022,0
7/6/2022,-0.04
7/7/2022,-0.02
7/8/2022,-0.03
7/11/2022,-0.08
7/12/2022,-0.07
7/13/2022,-0.22
7/14/2022,-0.19
7/15/2022,-0.2
7/18/2022,-0.19
7/19/2022,-0.22
7/20/2022,-0.21
7/21/2022,-0.19
7/22/2022,-0.21
7/25/2022,-0.19
7/26/2022,-0.21
7/27/2022,-0.18
7/28/2022,-0.17
7/29/2022,-0.22
8/1/2022,-0.3
8/2/2022,-0.31
8/3/2022,-0.37
8/4/2022,-0.35
8/5/2022,-0.41
8/8/2022,-0.44
8/9/2022,-0.48
8/10/2022,-0.45
8/11/2022,-0.36
8/12/2022,-0.41
8/15/2022,-0.41
8/16/2022,-0.43
8/17/2022,-0.39
8/18/2022,-0.34
8/19/2022,-0.27
8/22/2022,-0.29
8/23/2022,-0.24
8/24/2022,-0.25
8/25/2022,-0.32
8/26/2022,-0.33
8/29/2022,-0.3
8/30/2022,-0.35
8/31/2022,-0.3
9/1/2022,-0.25
9/2/2022,-0.2
9/5/2022,
9/6/2022,-0.17
9/7/2022,-0.18
9/8/2022,-0.19
9/9/2022,-0.23
9/12/2022,-0.21
9/13/2022,-0.33
9/14/2022,-0.37
9/15/2022,-0.42
9/16/2022,-0.4
9/19/2022,-0.46
9/20/2022,-0.39
9/21/2022,-0.51
9/22/2022,-0.41
9/23/2022,-0.51
9/26/2022,-0.39
9/27/2022,-0.33
9/28/2022,-0.35
9/29/2022,-0.4
9/30/2022,-0.39
10/3/2022,-0.45
10/4/2022,-0.48
10/5/2022,-0.39
10/6/2022,-0.4
10/7/2022,-0.41
10/10/2022,
10/11/2022,-0.37
10/12/2022,-0.37
10/13/2022,-0.5
10/14/2022,-0.48
10/17/2022,-0.43
10/18/2022,-0.42
10/19/2022,-0.41
10/20/2022,-0.38
10/21/2022,-0.28
10/24/2022,-0.25
10/25/2022,-0.32
10/26/2022,-0.35
10/27/2022,-0.34
10/28/2022,-0.39
10/31/2022,-0.41
11/1/2022,-0.47
11/2/2022,-0.51
11/3/2022,-0.57
11/4/2022,-0.49
11/7/2022,-0.5
11/8/2022,-0.53
11/9/2022,-0.49
11/10/2022,-0.52
11/11/2022,
11/14/2022,-0.52
11/15/2022,-0.57
11/16/2022,-0.68
11/17/2022,-0.66
11/18/2022,-0.69
11/21/2022,-0.65
11/22/2022,-0.71
11/23/2022,-0.75
11/24/2022,
11/25/2022,-0.74
11/28/2022,-0.77
11/29/2022,-0.73
11/30/2022,-0.7
12/1/2022,-0.72
12/2/2022,-0.77
12/5/2022,-0.81
12/6/2022,-0.83
12/7/2022,-0.84
12/8/2022,-0.83
12/9/2022,-0.76
12/12/2022,-0.78
12/13/2022,-0.71
12/14/2022,-0.74
12/15/2022,-0.79
12/16/2022,-0.69
12/19/2022,-0.68
12/20/2022,-0.56
12/21/2022,-0.53
12/22/2022,-0.57
12/23/2022,-0.56
12/26/2022,
12/27/2022,-0.48
12/28/2022,-0.43
12/29/2022,-0.51
12/30/2022,-0.53
1/2/2023,
1/3/2023,-0.61
1/4/2023,-0.67
1/5/2023,-0.74
1/6/2023,-0.69
1/9/2023,-0.66
1/10/2023,-0.63
1/11/2023,-0.66
1/12/2023,-0.69
1/13/2023,-0.73
1/16/2023,
1/17/2023,-0.65
1/18/2023,-0.69
1/19/2023,-0.7
1/20/2023,-0.66
1/23/2023,-0.69
1/24/2023,-0.66
1/25/2023,-0.65
1/26/2023,-0.68
1/27/2023,-0.67
1/30/2023,-0.7
1/31/2023,-0.69
2/1/2023,-0.7
2/2/2023,-0.69
2/3/2023,-0.77
2/6/2023,-0.81
2/7/2023,-0.8
2/8/2023,-0.82
2/9/2023,-0.81
2/10/2023,-0.76
2/13/2023,-0.8
2/14/2023,-0.83
2/15/2023,-0.81
2/16/2023,-0.76
2/17/2023,-0.78
2/20/2023,
2/21/2023,-0.72
2/22/2023,-0.73
2/23/2023,-0.78
2/24/2023,-0.83
2/27/2023,-0.86
2/28/2023,-0.89
3/1/2023,-0.88
3/2/2023,-0.81
3/3/2023,-0.89
3/6/2023,-0.91
3/7/2023,-1.03
3/8/2023,-1.07
3/9/2023,-0.97
3/10/2023,-0.9
3/13/2023,-0.48
3/14/2023,-0.56
3/15/2023,-0.42
3/16/2023,-0.58
3/17/2023,-0.42
3/20/2023,-0.45
3/21/2023,-0.58
3/22/2023,-0.48
3/23/2023,-0.38
3/24/2023,-0.38
3/27/2023,-0.41
3/28/2023,-0.47
3/29/2023,-0.51
3/30/2023,-0.55
3/31/2023,-0.58
4/3/2023,-0.54
4/4/2023,-0.49
4/5/2023,-0.49
4/6/2023,-0.52
4/7/2023,-0.58
4/10/2023,-0.59
4/11/2023,-0.6
4/12/2023,-0.54
4/13/2023,-0.51
4/14/2023,-0.56
4/17/2023,-0.58
4/18/2023,-0.61
4/19/2023,-0.64
4/20/2023,-0.6
4/21/2023,-0.6
4/24/2023,-0.6
4/25/2023,-0.46
4/26/2023,-0.47
4/27/2023,-0.54
4/28/2023,-0.6
5/1/2023,-0.55
5/2/2023,-0.53
5/3/2023,-0.51
5/4/2023,-0.38
5/5/2023,-0.48
5/8/2023,-0.48
5/9/2023,-0.48
5/10/2023,-0.47
5/11/2023,-0.5
5/12/2023,-0.52
5/15/2023,-0.49
5/16/2023,-0.52
5/17/2023,-0.55
5/18/2023,-0.59
5/19/2023,-0.58
5/22/2023,-0.57
5/23/2023,-0.56
5/24/2023,-0.58
5/25/2023,-0.67
5/26/2023,-0.74
5/29/2023,
5/30/2023,-0.77
5/31/2023,-0.76
6/1/2023,-0.72
6/2/2023,-0.81
6/5/2023,-0.77
6/6/2023,-0.81
6/7/2023,-0.77
6/8/2023,-0.79
6/9/2023,-0.84
6/12/2023,-0.82
6/13/2023,-0.83
6/14/2023,-0.91
6/15/2023,-0.9
6/16/2023,-0.93
6/19/2023,
6/20/2023,-0.94
6/21/2023,-0.96
6/22/2023,-0.97
6/23/2023,-0.97
6/26/2023,-0.93
6/27/2023,-0.97
6/28/2023,-1
6/29/2023,-1.02
6/30/2023,-1.06
7/3/2023,-1.08
7/4/2023,
7/5/2023,-0.99
7/6/2023,-0.94
7/7/2023,-0.88
7/10/2023,-0.84
7/11/2023,-0.89
7/12/2023,-0.86
7/13/2023,-0.83
7/14/2023,-0.91
7/17/2023,-0.93
7/18/2023,-0.94
7/19/2023,-0.99
7/20/2023,-0.95
7/21/2023,-0.98
7/24/2023,-0.95
7/25/2023,-0.94
7/26/2023,-0.96
7/27/2023,-0.9
7/28/2023,-0.91
7/31/2023,-0.91
8/1/2023,-0.87
8/2/2023,-0.8
8/3/2023,-0.7
8/4/2023,-0.73
8/7/2023,-0.67
8/8/2023,-0.72
8/9/2023,-0.79
8/10/2023,-0.73
8/11/2023,-0.73
8/14/2023,-0.77
8/15/2023,-0.71
8/16/2023,-0.69
8/17/2023,-0.64
8/18/2023,-0.66
8/21/2023,-0.63
8/22/2023,-0.68
8/23/2023,-0.76
8/24/2023,-0.75
8/25/2023,-0.78
8/28/2023,-0.78
8/29/2023,-0.75
8/30/2023,-0.78
8/31/2023,-0.76
9/1/2023,-0.69
9/4/2023,
9/5/2023,-0.67
9/6/2023,-0.71
9/7/2023,-0.67
9/8/2023,-0.72
9/11/2023,-0.68
9/12/2023,-0.71
9/13/2023,-0.71
9/14/2023,-0.71
9/15/2023,-0.69
9/18/2023,-0.73
9/19/2023,-0.71
9/20/2023,-0.77
9/21/2023,-0.63
9/22/2023,-0.66
9/25/2023,-0.54
9/26/2023,-0.48
9/27/2023,-0.49
9/28/2023,-0.45
9/29/2023,-0.44
10/2/2023,-0.43
10/3/2023,-0.34
10/4/2023,-0.32
10/5/2023,-0.31
10/6/2023,-0.3
10/9/2023,
10/10/2023,-0.3
10/11/2023,-0.41
10/12/2023,-0.36
10/13/2023,-0.41
10/16/2023,-0.38
10/17/2023,-0.36
10/18/2023,-0.28
10/19/2023,-0.16
10/20/2023,-0.14
10/23/2023,-0.19
10/24/2023,-0.19
10/25/2023,-0.13
10/26/2023,-0.16
10/27/2023,-0.15
10/30/2023,-0.15
10/31/2023,-0.19
11/1/2023,-0.18
11/2/2023,-0.31
11/3/2023,-0.26
11/6/2023,-0.26
11/7/2023,-0.33
11/8/2023,-0.44
11/9/2023,-0.41
11/10/2023,-0.43
11/13/2023,-0.39
11/14/2023,-0.36
11/15/2023,-0.37
11/16/2023,-0.38
11/17/2023,-0.44
11/20/2023,-0.47
11/21/2023,-0.45
11/22/2023,-0.47
11/23/2023,
11/24/2023,-0.45
11/27/2023,-0.45
11/28/2023,-0.39
11/29/2023,-0.37
11/30/2023,-0.36
12/1/2023,-0.34
12/4/2023,-0.36
12/5/2023,-0.39
12/6/2023,-0.48
12/7/2023,-0.44
12/8/2023,-0.48
12/11/2023,-0.48
12/12/2023,-0.53
12/13/2023,-0.42
12/14/2023,-0.45
12/15/2023,-0.53
12/18/2023,-0.48
12/19/2023,-0.48
12/20/2023,-0.48
12/21/2023,-0.44
12/22/2023,-0.41
12/25/2023,
12/26/2023,-0.37
12/27/2023,-0.41
12/28/2023,-0.42
12/29/2023,-0.35
1/1/2024,
1/2/2024,-0.38
1/3/2024,-0.42
1/4/2024,-0.39
1/5/2024,-0.35
1/8/2024,-0.35
1/9/2024,-0.34
1/10/2024,-0.33
1/11/2024,-0.28
1/12/2024,-0.18
1/15/2024,
1/16/2024,-0.15
1/17/2024,-0.24
1/18/2024,-0.2
1/19/2024,-0.24
1/22/2024,-0.26
1/23/2024,-0.17
1/24/2024,-0.16
1/25/2024,-0.14
1/26/2024,-0.19
1/29/2024,-0.21
1/30/2024,-0.3
1/31/2024,-0.28
2/1/2024,-0.33
2/2/2024,-0.33
2/5/2024,-0.29
2/6/2024,-0.3
2/7/2024,-0.32
2/8/2024,-0.31
2/9/2024,-0.31
2/12/2024,-0.29
2/13/2024,-0.33
2/14/2024,-0.29
2/15/2024,-0.32
2/16/2024,-0.34
2/19/2024,
2/20/2024,-0.32
2/21/2024,-0.32
2/22/2024,-0.36
2/23/2024,-0.41
2/26/2024,-0.41
2/27/2024,-0.39
2/28/2024,-0.37
2/29/2024,-0.39
3/1/2024,-0.35
3/4/2024,-0.39
3/5/2024,-0.41
3/6/2024,-0.44
3/7/2024,-0.41
3/8/2024,-0.39
3/11/2024,-0.41
3/12/2024,-0.42
3/13/2024,-0.42
3/14/2024,-0.39
3/15/2024,-0.41
3/18/2024,-0.39
3/19/2024,-0.38
3/20/2024,-0.32
3/21/2024,-0.35
3/22/2024,-0.37
3/25/2024,-0.29
3/26/2024,-0.32
3/27/2024,-0.34
3/28/2024,-0.39
3/29/2024,
4/1/2024,-0.39
4/2/2024,-0.34
4/3/2024,-0.32
4/4/2024,-0.34
4/5/2024,-0.34
4/8/2024,-0.36
4/9/2024,-0.38
4/10/2024,-0.42
4/11/2024,-0.37
4/12/2024,-0.38
4/15/2024,-0.3
4/16/2024,-0.3
4/17/2024,-0.34
4/18/2024,-0.34
4/19/2024,-0.35
4/22/2024,-0.35
4/23/2024,-0.25
4/24/2024,-0.24
4/25/2024,-0.26
4/26/2024,-0.29
4/29/2024,-0.34
4/30/2024,-0.35
5/1/2024,-0.33
5/2/2024,-0.29
5/3/2024,-0.31
5/6/2024,-0.33
5/7/2024,-0.35
5/8/2024,-0.36
5/9/2024,-0.35
5/10/2024,-0.37
5/13/2024,-0.37
5/14/2024,-0.36
5/15/2024,-0.37
5/16/2024,-0.4
5/17/2024,-0.41
5/20/2024,-0.38
5/21/2024,-0.41
5/22/2024,-0.43
5/23/2024,-0.44
5/24/2024,-0.47
5/27/2024,
5/28/2024,-0.4
5/29/2024,-0.35
5/30/2024,-0.37
5/31/2024,-0.38
6/3/2024,-0.41
6/4/2024,-0.44
6/5/2024,-0.43
6/6/2024,-0.44
6/7/2024,-0.44
6/10/2024,-0.4
6/11/2024,-0.42
6/12/2024,-0.44
6/13/2024,-0.44
6/14/2024,-0.47
6/17/2024,-0.47
6/18/2024,-0.47
6/19/2024,
6/20/2024,-0.45
6/21/2024,-0.45
6/24/2024,-0.46
6/25/2024,-0.42
6/26/2024,-0.39
6/27/2024,-0.41
6/28/2024,-0.35
7/1/2024,-0.29
7/2/2024,-0.31
7/3/2024,-0.35
7/4/2024,
7/5/2024,-0.32
7/8/2024,-0.34
7/9/2024,-0.32
7/10/2024,-0.34
7/11/2024,-0.3
7/12/2024,-0.27
7/15/2024,-0.21
7/16/2024,-0.26
7/17/2024,-0.26
7/18/2024,-0.26
7/19/2024,-0.24
7/22/2024,-0.24
7/23/2024,-0.15
7/24/2024,-0.09
7/25/2024,-0.14
7/26/2024,-0.16
7/29/2024,-0.19
7/30/2024,-0.2
7/31/2024,-0.2
8/1/2024,-0.17
8/2/2024,-0.08
8/5/2024,-0.11
8/6/2024,-0.09
8/7/2024,-0.04
8/8/2024,-0.05
8/9/2024,-0.11
8/12/2024,-0.11
8/13/2024,-0.08
8/14/2024,-0.11
8/15/2024,-0.16
8/16/2024,-0.17
8/19/2024,-0.2
8/20/2024,-0.17
8/21/2024,-0.13
8/22/2024,-0.13
8/23/2024,-0.09
8/26/2024,-0.09
8/27/2024,0
8/28/2024,0.01
8/29/2024,0
8/30/2024,0
9/2/2024,
9/3/2024,-0.04
9/4/2024,0.01
9/5/2024,-0.02
9/6/2024,0.06
9/9/2024,0.02
9/10/2024,0.06
9/11/2024,0.03
9/12/2024,0.04
9/13/2024,0.09
9/16/2024,0.07
9/17/2024,0.06
9/18/2024,0.09
9/19/2024,0.14
9/20/2024,0.18
9/23/2024,0.18
9/24/2024,0.25
9/25/2024,0.26
9/26/2024,0.19
9/27/2024,0.2
9/30/2024,0.15
10/1/2024,0.13
10/2/2024,0.16
10/3/2024,0.15
10/4/2024,0.05
10/7/2024,0.04
10/8/2024,0.06
10/9/2024,0.07
10/10/2024,0.11
10/11/2024,0.13
10/14/2024,
10/15/2024,0.08
10/16/2024,0.09
10/17/2024,0.13
10/18/2024,0.13
10/21/2024,0.17
10/22/2024,0.17
10/23/2024,0.17
10/24/2024,0.14
10/25/2024,0.14
10/28/2024,0.16
10/29/2024,0.17
10/30/2024,0.14
10/31/2024,0.12
11/1/2024,0.16
11/4/2024,0.14
11/5/2024,0.07
11/6/2024,0.15
11/7/2024,0.1
11/8/2024,0.04
11/11/2024,
11/12/2024,0.09
11/13/2024,0.17
11/14/2024,0.09
11/15/2024,0.12
11/18/2024,0.13
11/19/2024,0.12
11/20/2024,0.1
11/21/2024,0.09
11/22/2024,0.04
11/25/2024,0.06
11/26/2024,0.09
11/27/2024,0.06
11/28/2024,
11/29/2024,0.05
12/2/2024,0.02
12/3/2024,0.06
12/4/2024,0.06
12/5/2024,0.02
12/6/2024,0.05
12/9/2024,0.07
12/10/2024,0.07
12/11/2024,0.11
12/12/2024,0.14
12/13/2024,0.15
12/16/2024,0.14
12/17/2024,0.15
12/18/2024,0.15
12/19/2024,0.25
12/20/2024,0.22
12/23/2024,0.29
12/24/2024,0.3
12/25/2024,
12/26/2024,0.28
12/27/2024,0.31
12/30/2024,0.31
12/31/2024,0.33
1/1/2025,
1/2/2025,0.32
1/3/2025,0.32
1/6/2025,0.34
1/7/2025,0.37
1/8/2025,0.39
1/9/2025,0.41
1/10/2025,0.37
1/13/2025,0.39
1/14/2025,0.41
1/15/2025,0.39
1/16/2025,0.38
1/17/2025,0.34
1/20/2025,
1/21/2025,0.28
1/22/2025,0.31
1/23/2025,0.36
1/24/2025,0.36
1/27/2025,0.36
1/28/2025,0.36
1/29/2025,0.34
1/30/2025,0.34
1/31/2025,0.36
2/3/2025,0.28
2/4/2025,0.31
2/5/2025,0.26
2/6/2025,0.24
2/7/2025,0.2
2/10/2025,0.23
2/11/2025,0.25
2/12/2025,0.26
2/13/2025,0.21
2/14/2025,0.21
2/17/2025,
2/18/2025,0.26
2/19/2025,0.25
2/20/2025,0.22
2/21/2025,0.23
2/24/2025,0.27
2/25/2025,0.23
2/26/2025,0.2
2/27/2025,0.22
2/28/2025,0.25
3/3/2025,0.2
3/4/2025,0.26
3/5/2025,0.29
3/6/2025,0.33
3/7/2025,0.33
3/10/2025,0.33
3/11/2025,0.34
3/12/2025,0.31
3/13/2025,0.33
3/14/2025,0.29
3/17/2025,0.25
3/18/2025,0.25
3/19/2025,0.26
3/20/2025,0.29
3/21/2025,0.31
3/24/2025,0.3
3/25/2025,0.35
3/26/2025,0.37
3/27/2025,0.41
3/28/2025,0.38
3/31/2025,0.34
4/1/2025,0.3
4/2/2025,0.29
4/3/2025,0.35
4/4/2025,0.33
4/7/2025,0.42
4/8/2025,0.55
4/9/2025,0.43
4/10/2025,0.56
4/11/2025,0.52
4/14/2025,0.54
4/15/2025,0.51
4/16/2025,0.52
4/17/2025,0.53
4/18/2025,
4/21/2025,0.67
4/22/2025,0.65
4/23/2025,0.59
4/24/2025,0.55
4/25/2025,0.55
4/28/2025,0.56
4/29/2025,0.54
4/30/2025,0.57
5/1/2025,0.55
5/2/2025,0.5
5/5/2025,0.53
5/6/2025,0.52
5/7/2025,0.48
5/8/2025,0.47
5/9/2025,0.49
5/12/2025,0.47
5/13/2025,0.47
5/14/2025,0.48
5/15/2025,0.49
5/16/2025,0.45
5/19/2025,0.49
5/20/2025,0.51
5/21/2025,0.58
5/22/2025,0.54
5/23/2025,0.51
5/26/2025,
5/27/2025,0.51
5/28/2025,0.51
5/29/2025,0.51
5/30/2025,0.52
6/2/2025,0.52
6/3/2025,0.5
6/4/2025,0.5
6/5/2025,0.48
6/6/2025,0.47
6/9/2025,0.48
6/10/2025,0.46
6/11/2025,0.47
6/12/2025,0.46
6/13/2025,0.45
6/16/2025,0.49
6/17/2025,0.45
6/18/2025,0.44
6/19/2025,
6/20/2025,0.48
6/23/2025,0.5
6/24/2025,0.55
6/25/2025,0.55
6/26/2025,0.56
6/27/2025,0.56
6/30/2025,0.52
7/1/2025,0.48
7/2/2025,0.52
7/3/2025,0.47
7/4/2025,
7/7/2025,0.5
7/8/2025,0.52
7/9/2025,0.48
7/10/2025,0.49
7/11/2025,0.53
7/14/2025,0.53
7/15/2025,0.55
7/16/2025,0.58
7/17/2025,0.56
7/18/2025,0.56
7/21/2025,0.53
7/22/2025,0.52
7/23/2025,0.52
7/24/2025,0.52
7/25/2025,0.49
7/28/2025,0.51
7/29/2025,0.48
7/30/2025,0.44
7/31/2025,0.43
8/1/2025,0.54
8/4/2025,0.53
8/5/2025,0.5
8/6/2025,0.53
8/7/2025,0.51
8/8/2025,0.51
8/11/2025,0.51
8/12/2025,0.57
8/13/2025,0.57
8/14/2025,0.55
8/15/2025,0.58
8/18/2025,0.57
8/19/2025,0.55
8/20/2025,0.55
8/21/2025,0.54
8/22/2025,0.58
8/25/2025,0.55
8/26/2025,0.65
8/27/2025,0.65
8/28/2025,0.6
8/29/2025,0.64
9/1/2025,
9/2/2025,0.62
9/3/2025,0.61
9/4/2025,0.58
9/5/2025,0.59
9/8/2025,0.56
9/9/2025,0.54
9/10/2025,0.5
9/11/2025,0.49
9/12/2025,0.5
9/15/2025,0.51
9/16/2025,0.53
9/17/2025,0.54
9/18/2025,0.54
9/19/2025,0.57
9/22/2025,0.54
9/23/2025,0.59
9/24/2025,0.59
9/25/2025,0.54
9/26/2025,0.57
9/29/2025,0.52
9/30/2025,0.56
10/1/2025,0.57
10/2/2025,0.55
10/3/2025,0.55
10/6/2025,0.58
10/7/2025,0.57
10/8/2025,0.55
10/9/2025,0.54
10/10/2025,0.53
10/13/2025,
10/14/2025,0.55
10/15/2025,0.55
10/16/2025,0.58
10/17/2025,0.56
10/20/2025,0.54
10/21/2025,0.53
10/22/2025,0.52
10/23/2025,0.53
10/24/2025,0.54
10/27/2025,0.53
10/28/2025,0.52
